Process,HT_Temp_C,Soaking_Time_min,Cooling_Medium,Tempering_Temp_C,Tempering_Time_min,C,Si,Mn,P,S,Ni,Cr,Cu,Mo,Tensile_MPa,Yield_MPa,Hardness_HB,Elongation_pct,Fatigue_MPa
Stress_Relief,544.4,66.2,Air,0.0,0.0,0.5639,0.722,0.7005,0.0241,0.0282,0.8099,1.6138,0.4678,0.0362,597.6,387.7,177.1,36.08,235.8
Quench_Temper,858.8,23.0,Oil,553.3,207.0,0.1916,0.7414,0.8077,0.0065,0.0266,1.7375,0.7333,0.464,0.5157,867.4,660.7,270.0,27.76,418.1
Quench_Temper,847.0,81.7,Salt Bath,439.9,202.2,0.5611,0.7553,1.5339,0.0231,0.0169,0.1256,1.5513,0.3183,0.454,1293.9,1080.5,390.5,26.04,586.9
Annealing,766.5,101.3,Furnace,0.0,0.0,0.4457,0.13,0.4531,0.0338,0.0158,2.7729,1.4293,0.4126,0.5283,488.4,285.6,140.2,45.67,174.1
Stress_Relief,463.4,157.1,Air,0.0,0.0,0.5768,0.5757,1.2282,0.0194,0.0244,2.9689,1.4819,0.4026,0.2213,627.8,426.0,187.6,36.78,239.1
Normalizing,856.2,30.0,Air,0.0,0.0,0.3107,0.374,0.42,0.0143,0.0153,0.1958,1.1521,0.1741,0.4544,565.9,380.0,164.6,38.05,233.7
Quench_Temper,787.9,83.0,Polymer,480.1,208.4,0.4683,0.6216,1.4279,0.0319,0.0067,3.2766,1.0488,0.1228,0.1581,1218.5,996.6,362.3,24.83,512.1
Quench_Temper,850.2,39.0,Oil,412.0,71.5,0.4352,0.6958,0.7664,0.0307,0.0139,2.0627,0.4922,0.2338,0.3561,1226.3,1120.3,380.7,25.83,582.7
Quench_Temper,829.3,64.9,Water,526.3,177.9,0.2913,0.2417,1.0971,0.0216,0.0276,1.7381,0.5658,0.4811,0.1201,996.9,877.8,295.6,27.27,441.8
Normalizing,817.3,59.6,Air,0.0,0.0,0.1978,0.7682,0.9519,0.0155,0.0258,2.7399,0.9626,0.3081,0.332,463.8,295.7,131.1,37.32,198.4
Annealing,814.4,48.2,Furnace,0.0,0.0,0.2683,0.5142,0.4391,0.0155,0.0183,3.0106,1.5564,0.2727,0.389,343.0,186.3,101.3,45.37,142.6
Normalizing,839.7,36.4,Air,0.0,0.0,0.302,0.2233,1.1237,0.0084,0.0104,0.0722,0.5095,0.0129,0.08,533.9,315.1,152.8,37.98,217.5
Stress_Relief,547.0,85.3,Air,0.0,0.0,0.1777,0.4301,0.7466,0.0326,0.0247,3.321,1.1606,0.1648,0.559,382.5,222.5,111.2,38.1,151.3
Normalizing,875.5,33.0,Air,0.0,0.0,0.1609,0.2045,0.8551,0.0169,0.0109,1.4905,1.6767,0.0297,0.4882,428.9,242.0,122.4,37.37,190.8
Stress_Relief,186.0,275.6,Air,0.0,0.0,0.4422,0.2848,0.3059,0.0215,0.0047,0.6858,0.5632,0.3802,0.4262,544.7,362.0,159.3,37.73,222.7
Quench_Temper,868.6,54.8,Polymer,404.0,35.6,0.1668,0.7025,0.8978,0.0253,0.0258,3.379,0.4826,0.0904,0.1088,1048.3,924.9,312.6,27.3,441.4
Normalizing,773.4,20.0,Air,0.0,0.0,0.2638,0.1007,1.4201,0.0076,0.0047,3.3207,0.8011,0.1227,0.2777,547.6,309.2,156.1,38.13,223.4
Quench_Temper,802.6,78.8,Polymer,187.3,33.8,0.2729,0.2686,1.3765,0.0336,0.0262,2.7853,1.5318,0.1014,0.1622,1625.9,1210.1,484.7,21.56,735.6
Quench_Temper,738.8,30.7,Salt Bath,593.9,131.7,0.4438,0.2199,1.4421,0.011,0.0121,2.932,0.2521,0.4529,0.0785,922.0,711.9,279.4,26.33,361.8
Normalizing,847.4,53.1,Air,0.0,0.0,0.1278,0.7153,1.6557,0.0238,0.0191,3.0683,0.1747,0.3636,0.4554,447.5,290.8,127.7,37.75,190.4
Quench_Temper,871.9,67.0,Oil,526.7,236.8,0.2016,0.4748,1.4529,0.0249,0.0283,2.7533,1.5059,0.301,0.5133,922.3,784.8,275.3,28.21,367.6
Annealing,870.6,34.7,Furnace,0.0,0.0,0.2221,0.4915,0.8644,0.0068,0.0076,0.0673,0.9654,0.4013,0.1074,332.3,154.3,94.9,46.35,140.8
Annealing,866.6,84.7,Furnace,0.0,0.0,0.2239,0.6699,1.528,0.0161,0.0088,0.0772,0.6623,0.0637,0.3299,356.3,199.4,99.2,46.04,139.4
Annealing,854.1,33.7,Furnace,0.0,0.0,0.1533,0.3554,1.0808,0.0097,0.0147,1.8509,0.9306,0.207,0.5249,376.0,227.9,110.2,45.76,155.1
Normalizing,790.9,18.2,Air,0.0,0.0,0.4884,0.5189,1.0926,0.0189,0.0067,0.4652,0.1726,0.0272,0.3951,617.1,417.6,180.7,37.97,243.4
Quench_Temper,826.8,27.7,Salt Bath,336.4,177.3,0.2327,0.6631,1.6643,0.0229,0.0177,1.3057,1.4274,0.2578,0.5859,1239.1,1044.6,360.5,25.05,547.1
Stress_Relief,163.4,96.7,Air,0.0,0.0,0.5916,0.5966,0.9315,0.0336,0.0272,1.4987,1.6208,0.3623,0.0006,728.7,499.8,212.2,33.1,316.3
Stress_Relief,259.5,124.5,Air,0.0,0.0,0.3832,0.4652,0.8941,0.0206,0.0289,3.0742,1.3395,0.3374,0.2261,537.1,364.1,160.1,37.67,219.5
Quench_Temper,865.9,49.9,Polymer,494.9,152.9,0.0893,0.5007,0.8912,0.0153,0.0078,3.1386,0.9563,0.4937,0.221,896.6,712.5,266.8,24.14,451.8
Quench_Temper,788.1,84.1,Oil,670.6,232.5,0.5238,0.3299,1.0239,0.0138,0.015,0.0192,0.9939,0.2643,0.1677,886.8,703.2,268.2,28.51,415.1
Normalizing,853.1,19.3,Air,0.0,0.0,0.1535,0.3062,1.559,0.0124,0.021,0.7917,0.4726,0.4243,0.237,398.6,252.5,112.6,38.55,154.4
Annealing,784.5,117.3,Furnace,0.0,0.0,0.4538,0.2794,0.6638,0.0114,0.0265,2.7951,1.3266,0.3361,0.3602,467.0,251.0,136.5,43.94,185.3
Stress_Relief,554.1,214.1,Air,0.0,0.0,0.2065,0.7666,0.6961,0.0235,0.0157,2.7227,1.4734,0.215,0.2862,412.0,292.3,118.7,38.0,188.1
Stress_Relief,169.3,233.1,Air,0.0,0.0,0.1499,0.5762,1.7944,0.0101,0.0153,2.01,0.8387,0.0393,0.5786,389.1,251.0,115.1,36.58,166.0
Quench_Temper,828.6,25.1,Polymer,389.1,81.5,0.5652,0.1252,0.3908,0.0096,0.0088,2.2316,1.5599,0.3093,0.4491,1477.8,1377.9,460.5,22.67,752.6
Quench_Temper,771.5,39.9,Polymer,371.7,98.1,0.486,0.424,0.6493,0.0093,0.0212,3.2463,1.3737,0.3413,0.2879,1458.1,1295.5,440.8,22.51,716.0
Quench_Temper,841.8,81.0,Water,220.9,175.7,0.2728,0.2023,0.4081,0.0263,0.0208,0.1546,0.2361,0.1661,0.0284,1357.0,1205.0,412.0,24.66,582.5
Quench_Temper,924.6,30.0,Water,220.2,46.3,0.1438,0.6142,0.6526,0.0104,0.0266,0.5376,0.4441,0.207,0.4326,1295.7,1194.9,395.1,25.01,651.6
Quench_Temper,847.0,34.6,Water,454.0,134.6,0.4758,0.6716,0.7717,0.0149,0.0279,2.64,1.3258,0.0705,0.2936,1360.4,1157.7,412.8,25.46,613.2
Quench_Temper,868.5,58.4,Salt Bath,382.8,86.4,0.1592,0.1962,1.6912,0.0054,0.0095,0.3539,0.3513,0.0161,0.2168,1015.7,779.7,313.8,28.22,466.9
Quench_Temper,745.2,88.1,Oil,606.2,131.4,0.485,0.4262,1.7448,0.0114,0.0067,3.0602,0.4235,0.4249,0.3639,988.6,869.2,296.3,27.53,428.8
Normalizing,765.1,49.3,Air,0.0,0.0,0.2501,0.1498,1.4293,0.0096,0.0275,3.3322,0.4062,0.2166,0.3411,502.4,344.2,148.4,37.61,199.0
Normalizing,829.0,34.1,Air,0.0,0.0,0.3033,0.6488,1.417,0.0286,0.0184,2.4041,0.067,0.26,0.5211,533.3,297.6,154.2,34.51,201.3
Quench_Temper,860.7,61.3,Oil,418.5,61.2,0.1732,0.5969,1.0943,0.0124,0.0082,1.99,0.9416,0.4628,0.4895,1015.7,869.0,307.4,27.22,469.6
Quench_Temper,879.6,85.8,Oil,482.5,139.3,0.0995,0.7279,0.4272,0.0345,0.0075,3.3018,0.3797,0.2747,0.2551,912.2,805.9,272.8,28.48,378.4
Quench_Temper,825.3,33.3,Water,206.4,232.7,0.5494,0.5197,0.9601,0.0205,0.0082,0.5719,0.7785,0.1314,0.0977,1890.4,1664.8,568.3,16.63,846.6
Stress_Relief,411.8,231.3,Air,0.0,0.0,0.2387,0.2646,1.0137,0.0259,0.0085,3.0619,0.0601,0.2263,0.1547,365.3,256.2,110.5,37.92,146.8
Stress_Relief,404.4,216.4,Air,0.0,0.0,0.2074,0.5773,1.7598,0.0328,0.0161,2.675,0.837,0.1955,0.3958,372.2,207.6,105.3,35.99,141.2
Quench_Temper,769.4,57.9,Salt Bath,499.5,235.5,0.5003,0.6437,1.7981,0.0091,0.0176,1.9022,0.4098,0.3624,0.2556,1068.0,939.0,323.0,27.95,452.0
Normalizing,789.2,43.3,Air,0.0,0.0,0.5795,0.7529,0.9309,0.0203,0.0182,1.8504,1.6048,0.4193,0.1168,727.3,417.1,222.5,35.0,285.8
Annealing,832.9,39.5,Furnace,0.0,0.0,0.1775,0.441,1.1753,0.0339,0.0134,0.9778,0.0887,0.2007,0.2838,357.5,202.5,103.6,45.64,143.7
Quench_Temper,780.0,59.2,Oil,302.9,80.7,0.4673,0.1304,1.3315,0.0126,0.0182,1.2554,0.555,0.0849,0.0131,1441.5,1108.8,431.9,22.75,661.2
Quench_Temper,821.6,51.4,Water,257.3,176.8,0.4296,0.7154,0.822,0.0246,0.0048,1.0012,0.7237,0.2223,0.5141,1650.4,1337.3,500.6,21.93,731.1
Quench_Temper,826.9,86.6,Polymer,620.1,110.9,0.3082,0.421,1.3159,0.0106,0.0163,1.9861,1.6337,0.0325,0.4621,929.4,837.7,279.8,28.62,382.4
Normalizing,781.5,49.1,Air,0.0,0.0,0.5994,0.4325,0.4505,0.011,0.0113,2.9966,1.7816,0.3002,0.345,703.8,459.5,210.9,35.37,301.2
Annealing,803.2,65.8,Furnace,0.0,0.0,0.3919,0.5971,1.1662,0.0228,0.0283,1.4446,0.4446,0.4328,0.1275,396.6,183.8,114.9,46.17,144.8
Quench_Temper,796.9,59.3,Water,202.3,51.6,0.4983,0.3929,1.3473,0.0326,0.0057,0.1779,1.3429,0.4633,0.5258,2059.7,1691.1,632.1,15.9,910.9
Quench_Temper,801.4,33.4,Salt Bath,483.1,118.4,0.5033,0.5864,0.4575,0.0169,0.0279,1.8777,0.723,0.2253,0.408,1072.9,852.8,342.8,27.36,495.6
Quench_Temper,813.5,32.2,Water,555.4,105.7,0.4283,0.1712,1.5545,0.023,0.0064,1.9878,0.8068,0.0389,0.4583,1110.6,1003.7,352.3,25.61,470.6
Stress_Relief,432.1,105.1,Air,0.0,0.0,0.2642,0.6198,1.0416,0.0172,0.0146,2.6496,0.322,0.3422,0.3913,426.1,232.7,123.0,37.34,187.5
Quench_Temper,805.6,76.1,Water,616.1,129.2,0.4876,0.3017,0.8109,0.0126,0.012,0.5621,1.5712,0.2468,0.0186,1065.4,971.4,315.1,26.67,475.4
Quench_Temper,777.4,58.9,Polymer,606.0,166.2,0.5265,0.4177,1.6816,0.0123,0.0065,0.4036,0.6676,0.444,0.5718,1080.6,855.1,314.9,24.86,441.5
Stress_Relief,154.5,211.6,Air,0.0,0.0,0.144,0.521,0.5994,0.0168,0.0047,1.9261,0.2469,0.0258,0.4913,365.3,247.4,107.2,37.7,146.7
Annealing,868.1,108.5,Furnace,0.0,0.0,0.2159,0.646,0.3669,0.0121,0.0087,0.6925,1.7115,0.3963,0.5693,341.0,176.4,98.5,45.88,122.2
Quench_Temper,811.7,57.8,Oil,442.8,180.1,0.1548,0.2212,1.6115,0.0098,0.0222,3.321,1.1488,0.4851,0.1116,989.8,779.5,294.5,28.15,461.8
Stress_Relief,225.2,194.7,Air,0.0,0.0,0.5151,0.6404,0.5573,0.016,0.024,0.4621,1.694,0.4786,0.0971,581.5,327.5,165.4,37.78,233.5
Quench_Temper,882.3,55.8,Water,530.0,82.5,0.3047,0.3335,0.4858,0.008,0.0103,0.6597,1.7893,0.2643,0.0649,1033.9,922.7,304.4,26.44,436.1
Quench_Temper,793.9,31.5,Water,655.7,89.8,0.3697,0.543,1.5754,0.0312,0.0201,0.9462,1.7907,0.4608,0.1808,971.8,790.6,294.3,27.67,432.4
Quench_Temper,794.2,65.6,Salt Bath,363.5,79.3,0.5623,0.2039,1.2794,0.0216,0.0213,2.5267,1.1853,0.2362,0.5685,1436.8,1207.1,440.3,21.04,623.3
Annealing,873.6,107.1,Furnace,0.0,0.0,0.1941,0.6707,1.3478,0.0072,0.0234,0.222,1.3414,0.1796,0.3549,322.9,172.2,94.4,45.37,112.6
Normalizing,745.9,57.9,Air,0.0,0.0,0.5379,0.1403,1.2758,0.0332,0.0239,1.7206,0.7124,0.4233,0.4141,687.1,426.6,209.0,37.83,283.0
Quench_Temper,809.6,25.0,Polymer,463.8,188.8,0.5619,0.6773,1.563,0.0095,0.0192,1.4044,0.3575,0.0846,0.172,1271.5,1043.7,386.9,25.92,523.3
Annealing,840.1,97.1,Furnace,0.0,0.0,0.2289,0.6939,0.5595,0.0151,0.0183,2.3802,0.8194,0.1283,0.4731,383.5,193.7,113.0,45.64,139.7
Annealing,803.0,95.1,Furnace,0.0,0.0,0.3618,0.1389,0.4903,0.0318,0.0172,0.9906,0.1386,0.002,0.2341,376.1,201.0,108.2,45.95,142.1
Normalizing,769.7,51.5,Air,0.0,0.0,0.4364,0.5888,1.5355,0.0259,0.0217,2.2229,0.0661,0.1022,0.2047,578.5,395.8,168.1,37.54,236.2
Normalizing,826.1,37.6,Air,0.0,0.0,0.2125,0.1481,0.8711,0.0126,0.021,0.4886,0.7854,0.3569,0.4277,412.1,243.6,127.0,38.32,181.6
Normalizing,887.6,33.8,Air,0.0,0.0,0.1302,0.5296,1.2241,0.0288,0.0206,0.4776,1.0997,0.3547,0.0819,379.7,222.2,111.8,37.88,157.9
Normalizing,861.6,40.9,Air,0.0,0.0,0.3236,0.6265,0.6044,0.0061,0.024,0.2053,0.4444,0.4599,0.1227,515.3,332.0,147.8,37.75,240.5
Quench_Temper,878.4,41.7,Polymer,436.3,223.9,0.2188,0.418,1.5872,0.0314,0.0117,0.5452,0.8349,0.0885,0.5575,1014.8,876.0,309.5,27.82,464.5
Annealing,823.3,109.9,Furnace,0.0,0.0,0.4367,0.5298,1.1004,0.0305,0.0115,0.088,1.1694,0.1748,0.513,469.0,243.0,136.2,45.95,204.1
Quench_Temper,871.2,50.1,Oil,609.4,102.7,0.3822,0.6462,0.3555,0.0331,0.0056,1.8711,1.1561,0.2042,0.5945,918.2,836.4,276.5,27.91,383.7
Quench_Temper,779.7,45.5,Oil,251.0,202.5,0.4814,0.1281,1.2518,0.0282,0.0077,0.7204,0.2121,0.3559,0.3159,1555.6,1183.1,464.2,20.77,697.1
Quench_Temper,816.8,56.7,Polymer,304.9,139.4,0.4556,0.1666,0.5663,0.0278,0.0236,0.6566,0.6204,0.0003,0.2131,1376.1,1158.8,432.9,23.18,703.3
Quench_Temper,890.2,63.8,Oil,593.7,39.8,0.2979,0.2523,0.3764,0.0295,0.0188,0.2339,0.0916,0.1891,0.3933,860.0,670.0,259.4,27.68,348.4
Quench_Temper,843.5,30.5,Salt Bath,469.4,101.5,0.1434,0.6489,0.9576,0.0197,0.01,3.3099,1.576,0.4249,0.0938,971.6,852.8,276.1,25.6,464.2
Normalizing,771.9,38.1,Air,0.0,0.0,0.5792,0.5247,1.4992,0.0215,0.0257,2.8815,0.3429,0.0554,0.5254,693.4,443.4,203.5,36.03,281.5
Quench_Temper,859.1,66.6,Water,513.2,85.3,0.3142,0.5161,0.4738,0.0188,0.0154,3.4884,1.3414,0.4609,0.4125,1095.1,910.5,335.4,26.06,458.2
Annealing,778.8,58.1,Furnace,0.0,0.0,0.4188,0.2192,0.8873,0.0192,0.0166,2.1612,0.5123,0.2978,0.4331,414.1,199.8,120.0,45.43,148.4
Stress_Relief,519.8,97.6,Air,0.0,0.0,0.4885,0.1021,0.6015,0.0241,0.0146,1.1243,1.7973,0.2922,0.1379,558.9,386.9,165.6,36.35,224.6
Stress_Relief,305.5,103.6,Air,0.0,0.0,0.0995,0.3596,1.2708,0.0348,0.0118,0.9287,1.3986,0.1145,0.2264,336.1,224.0,96.1,38.59,153.4
Quench_Temper,865.6,85.6,Polymer,476.8,91.3,0.0918,0.1925,1.676,0.0268,0.0294,3.3725,1.0913,0.1085,0.4049,933.9,722.6,287.8,28.14,450.4
Annealing,862.4,57.7,Furnace,0.0,0.0,0.1269,0.7207,0.6406,0.0084,0.0038,3.0878,1.4385,0.4927,0.1985,312.9,149.1,88.6,43.74,121.5
Normalizing,799.3,54.6,Air,0.0,0.0,0.5274,0.539,0.5339,0.0063,0.0292,3.4036,0.4458,0.3731,0.4004,668.8,433.2,203.3,38.71,262.6
Annealing,764.9,94.9,Furnace,0.0,0.0,0.5635,0.1585,0.6618,0.0328,0.0295,1.9267,0.9667,0.1963,0.1032,541.0,263.9,154.6,46.29,187.0
Normalizing,834.6,35.8,Air,0.0,0.0,0.2033,0.3008,1.3212,0.0057,0.0175,2.1569,0.6876,0.2546,0.2945,434.4,250.4,131.4,37.5,179.3
Quench_Temper,821.0,22.1,Water,243.5,40.9,0.317,0.7519,1.1297,0.0273,0.0072,2.3392,0.4555,0.2912,0.3115,1601.7,1413.2,480.6,20.85,687.6
Stress_Relief,419.2,141.7,Air,0.0,0.0,0.4457,0.2002,1.0019,0.0217,0.0261,2.2594,0.0544,0.3475,0.2774,535.6,330.2,157.9,37.66,245.0
Quench_Temper,918.9,61.6,Water,511.6,185.4,0.0872,0.1642,0.7249,0.0332,0.0037,1.2177,0.8531,0.453,0.194,885.1,682.8,263.9,27.99,423.9
Quench_Temper,817.7,68.4,Polymer,404.9,76.4,0.3433,0.5455,1.0144,0.0209,0.0143,1.3241,0.5113,0.3069,0.0625,1188.7,963.4,355.4,25.11,557.3
Quench_Temper,854.6,53.9,Polymer,637.0,199.4,0.3681,0.1774,0.6565,0.0194,0.0071,1.0873,0.2431,0.0777,0.4795,825.1,650.3,247.8,28.1,351.5
Normalizing,809.3,56.8,Air,0.0,0.0,0.2482,0.5562,1.6435,0.0125,0.0299,2.1244,1.0776,0.2347,0.1641,474.0,304.9,140.6,37.73,211.2
Quench_Temper,824.6,35.5,Salt Bath,316.9,219.5,0.3331,0.546,1.4091,0.0152,0.0125,3.2756,1.3582,0.1139,0.5373,1316.5,1182.9,400.5,24.69,663.6
Quench_Temper,825.8,73.2,Water,518.6,59.2,0.4242,0.4729,1.1807,0.0119,0.0162,1.9778,1.5261,0.2408,0.1119,1226.2,1080.3,368.0,26.28,572.4
Annealing,786.5,61.2,Furnace,0.0,0.0,0.3987,0.3788,0.5986,0.0143,0.0074,3.2173,1.0513,0.1382,0.2305,403.8,231.3,117.5,42.43,149.6
Normalizing,842.3,26.6,Air,0.0,0.0,0.1781,0.3427,0.8406,0.0208,0.0259,2.1914,0.4742,0.1785,0.4223,426.0,242.1,125.3,37.43,178.1
Annealing,761.7,39.5,Furnace,0.0,0.0,0.5401,0.4006,1.607,0.0177,0.0178,3.2505,0.4686,0.135,0.5278,525.6,261.4,147.9,46.78,180.4
Annealing,808.8,92.6,Furnace,0.0,0.0,0.2116,0.4596,1.4339,0.006,0.0155,3.3834,1.7535,0.4618,0.1513,381.2,217.0,107.3,45.4,146.1
Quench_Temper,839.8,22.8,Salt Bath,496.9,142.6,0.3063,0.267,1.6729,0.0098,0.0155,0.3141,1.3111,0.1761,0.248,953.9,770.0,293.7,24.02,485.1
Annealing,752.4,97.0,Furnace,0.0,0.0,0.5482,0.1008,1.2359,0.013,0.0046,1.3791,0.1941,0.0686,0.0136,495.4,264.2,142.8,46.02,190.4
Quench_Temper,891.5,59.9,Polymer,263.6,179.0,0.2414,0.5314,0.7491,0.0152,0.0228,0.7065,1.2993,0.4625,0.3978,1323.0,1153.3,402.4,23.43,575.1
Quench_Temper,829.0,58.9,Water,199.9,62.4,0.2263,0.5568,1.0572,0.0055,0.0117,3.0757,0.4053,0.0359,0.3184,1474.6,1361.8,456.3,22.66,710.4
Quench_Temper,797.3,42.8,Salt Bath,514.6,38.6,0.3015,0.4589,1.5618,0.0134,0.0281,2.3189,0.8092,0.26,0.2072,960.6,832.2,301.9,27.5,408.8
Annealing,853.6,117.8,Furnace,0.0,0.0,0.0974,0.4928,0.7439,0.0119,0.0274,1.5684,0.9442,0.3594,0.0385,352.4,166.6,99.2,45.97,143.3
Normalizing,830.1,34.6,Air,0.0,0.0,0.1557,0.1337,0.6595,0.0264,0.0263,3.021,1.5087,0.254,0.1481,442.2,272.1,130.6,37.88,173.5
Quench_Temper,877.9,33.1,Water,310.0,83.6,0.096,0.3078,0.8499,0.0237,0.0036,2.6021,0.859,0.2496,0.1553,1113.9,958.9,335.7,28.06,516.7
Quench_Temper,870.1,70.8,Oil,187.4,173.5,0.3498,0.5887,0.3265,0.0171,0.0053,0.1231,1.3488,0.3883,0.5029,1554.5,1175.6,467.0,21.42,741.8
Quench_Temper,812.7,72.5,Oil,667.0,126.8,0.4778,0.3573,1.2564,0.0225,0.0199,0.0162,1.6355,0.1185,0.0544,911.9,802.8,275.9,28.07,440.2
Quench_Temper,788.8,38.4,Oil,161.0,71.1,0.458,0.1745,1.1855,0.0126,0.0148,3.0356,0.7186,0.4014,0.2485,1775.5,1595.0,553.5,18.17,782.4
Quench_Temper,867.1,61.3,Polymer,192.1,187.7,0.4276,0.4345,0.4262,0.0051,0.0287,1.3737,1.7979,0.1112,0.5672,1815.0,1426.6,542.9,19.77,851.4
Quench_Temper,842.1,72.9,Polymer,678.8,63.7,0.1982,0.2159,0.5595,0.0053,0.0078,2.8217,0.4907,0.0357,0.3131,758.7,601.7,233.3,27.82,353.6
Annealing,861.8,70.7,Furnace,0.0,0.0,0.1185,0.5969,0.3663,0.0125,0.0256,3.2001,1.2348,0.1676,0.574,315.1,155.3,87.8,45.62,126.0
Quench_Temper,857.6,36.4,Water,347.2,45.1,0.3308,0.7658,1.3699,0.0089,0.0145,1.0562,1.662,0.0944,0.4644,1525.0,1158.2,452.2,20.33,669.9
Annealing,787.9,41.4,Furnace,0.0,0.0,0.4403,0.5845,0.8893,0.0125,0.0214,0.9265,1.1608,0.0395,0.0216,478.4,232.6,134.6,46.7,161.8
Annealing,780.3,83.2,Furnace,0.0,0.0,0.4227,0.5115,0.9602,0.0066,0.0062,2.4807,0.2923,0.1816,0.5859,476.0,254.3,139.5,46.12,185.3
Quench_Temper,838.4,44.2,Oil,466.1,96.1,0.1639,0.1591,0.5874,0.0176,0.016,3.0735,0.5333,0.3846,0.4301,954.6,760.7,290.5,27.43,450.4
Annealing,763.8,69.7,Furnace,0.0,0.0,0.4043,0.2845,0.6889,0.0075,0.0183,2.7217,1.0819,0.33,0.2325,449.4,222.1,127.9,46.22,171.4
Quench_Temper,864.9,83.5,Oil,454.0,151.6,0.4541,0.5699,0.8197,0.0289,0.0243,0.4887,1.0281,0.1019,0.0237,1164.0,890.5,349.8,26.18,572.2
Annealing,825.4,115.9,Furnace,0.0,0.0,0.4842,0.4354,0.8,0.0206,0.0061,1.5725,1.169,0.0281,0.4387,498.0,267.4,145.9,45.78,205.4
Annealing,872.5,89.7,Furnace,0.0,0.0,0.1917,0.5967,1.1093,0.0051,0.012,0.3927,1.0149,0.4332,0.1917,368.1,207.8,108.2,45.97,151.5
Quench_Temper,801.9,54.4,Salt Bath,577.1,218.0,0.2726,0.2746,1.2613,0.0231,0.0275,2.216,1.2691,0.0768,0.2528,859.0,640.6,255.6,26.01,384.2
Quench_Temper,831.7,74.0,Water,461.4,232.9,0.4825,0.5564,1.4051,0.0128,0.0047,0.3494,1.2093,0.3202,0.5056,1372.6,1133.3,417.0,24.47,680.7
Stress_Relief,231.5,284.5,Air,0.0,0.0,0.3946,0.3158,1.5932,0.0303,0.0214,1.9646,1.5642,0.1338,0.5759,567.2,360.2,160.8,37.77,243.6
Annealing,824.4,99.4,Furnace,0.0,0.0,0.309,0.7846,1.7642,0.0324,0.0222,2.432,0.4459,0.4923,0.3591,374.3,224.1,106.4,45.52,149.3
Normalizing,735.4,20.2,Air,0.0,0.0,0.4089,0.3987,1.4584,0.0251,0.0124,3.215,1.5116,0.0784,0.2467,570.4,401.4,163.2,37.4,233.1
Quench_Temper,793.8,81.6,Polymer,511.7,75.5,0.441,0.5007,1.7921,0.0211,0.0235,2.6977,1.418,0.3074,0.5999,1256.6,939.4,376.4,24.96,548.0
Quench_Temper,766.7,83.9,Water,589.4,162.6,0.5848,0.1374,0.5304,0.0227,0.0298,1.3913,1.5891,0.3155,0.0083,1180.4,1041.6,354.5,26.63,549.6
Annealing,839.9,118.0,Furnace,0.0,0.0,0.1918,0.1611,0.9941,0.0241,0.0246,0.3865,1.2498,0.016,0.5457,313.6,160.8,89.7,45.81,128.0
Quench_Temper,875.5,22.1,Polymer,466.6,166.5,0.2945,0.5382,0.947,0.0051,0.0085,2.2087,0.9569,0.1675,0.3762,1068.6,922.2,319.4,27.65,446.6
Quench_Temper,847.5,55.5,Polymer,374.9,32.1,0.3405,0.7552,0.3372,0.0204,0.0153,1.3106,0.3056,0.3667,0.2799,1225.2,1144.2,368.7,26.73,543.6
Annealing,887.4,76.1,Furnace,0.0,0.0,0.1002,0.7273,0.5695,0.0285,0.0183,2.2943,0.6509,0.2748,0.24,312.7,154.0,90.1,46.77,127.1
Quench_Temper,794.8,66.6,Polymer,608.8,59.7,0.5446,0.6405,0.603,0.0161,0.0062,2.1428,1.4769,0.3052,0.5806,1127.8,886.0,332.7,25.63,436.5
Quench_Temper,784.0,30.0,Oil,347.9,228.3,0.5104,0.1808,0.322,0.0083,0.0041,1.7452,0.278,0.0663,0.3686,1350.2,1094.5,403.6,21.56,555.0
Normalizing,835.1,26.8,Air,0.0,0.0,0.3345,0.4847,0.3231,0.0348,0.0037,3.1265,0.2821,0.0692,0.5232,594.8,383.0,167.5,37.67,263.0
Normalizing,857.8,33.9,Air,0.0,0.0,0.2631,0.2093,0.5929,0.0299,0.0251,0.3363,0.8284,0.4843,0.1253,482.8,285.6,136.4,38.66,193.0
Quench_Temper,768.0,47.5,Oil,372.4,66.7,0.3262,0.1086,1.2328,0.0276,0.0142,2.9215,0.3337,0.1582,0.1851,1154.4,879.0,353.8,24.68,522.8
Stress_Relief,220.7,207.9,Air,0.0,0.0,0.2394,0.7519,1.7485,0.0311,0.0213,0.9383,0.8342,0.0358,0.5773,439.9,259.3,124.6,37.52,166.2
Quench_Temper,807.4,45.0,Oil,518.4,169.8,0.3951,0.6512,1.0623,0.0327,0.0126,1.4986,1.278,0.2377,0.2316,1017.4,933.8,316.1,26.17,446.4
Annealing,829.1,54.1,Furnace,0.0,0.0,0.4039,0.7552,0.4133,0.0256,0.0054,2.5873,0.6189,0.3379,0.2362,431.3,259.2,127.8,46.37,178.5
Normalizing,792.5,20.8,Air,0.0,0.0,0.3925,0.4184,1.5484,0.0189,0.0066,0.6084,1.3198,0.014,0.121,579.4,343.3,176.8,37.83,226.0
Quench_Temper,801.3,55.4,Salt Bath,633.8,165.2,0.4241,0.2412,0.8149,0.0112,0.0252,3.4151,0.429,0.0514,0.102,819.0,753.9,251.0,28.49,347.7
Normalizing,834.5,53.9,Air,0.0,0.0,0.3765,0.4939,0.3797,0.0134,0.0251,0.0015,1.0186,0.236,0.2086,559.0,346.7,162.8,37.85,254.2
Quench_Temper,830.4,34.5,Salt Bath,617.4,170.0,0.4467,0.7003,0.367,0.0088,0.0107,2.8938,0.4248,0.3374,0.1943,834.3,714.1,251.5,26.92,368.1
Normalizing,784.7,24.6,Air,0.0,0.0,0.4351,0.4989,0.4562,0.0215,0.0146,2.8381,0.0795,0.3459,0.3595,621.8,388.2,189.2,38.2,246.8
Quench_Temper,897.7,35.5,Salt Bath,395.3,203.5,0.2815,0.7857,0.8889,0.0056,0.0083,0.3312,0.4337,0.2844,0.267,1034.5,937.6,318.1,26.59,486.8
Quench_Temper,824.3,30.8,Polymer,430.2,48.1,0.2781,0.5156,1.1977,0.0172,0.01,1.9754,0.7252,0.4705,0.1283,1085.8,983.3,319.6,27.41,537.0
Annealing,787.3,75.1,Furnace,0.0,0.0,0.4171,0.2174,1.2695,0.0126,0.022,0.9805,0.3287,0.1363,0.3576,474.3,242.3,135.2,45.38,181.3
Quench_Temper,865.0,45.6,Oil,319.9,232.5,0.1301,0.4445,1.3986,0.0164,0.03,2.4154,0.7739,0.1252,0.2049,1074.0,932.9,331.2,27.72,467.9
Normalizing,809.7,57.9,Air,0.0,0.0,0.5814,0.4083,1.2191,0.0224,0.0234,0.2278,0.9601,0.2137,0.2832,696.4,392.5,209.5,38.1,265.0
Stress_Relief,219.7,110.5,Air,0.0,0.0,0.334,0.7535,1.1599,0.0114,0.011,1.5224,1.4693,0.0735,0.563,518.4,328.5,151.5,35.75,209.8
Annealing,837.2,39.1,Furnace,0.0,0.0,0.235,0.4818,0.9291,0.0096,0.0062,3.2969,0.4003,0.4951,0.4856,327.5,174.7,95.4,45.55,128.7
Annealing,870.8,73.9,Furnace,0.0,0.0,0.1357,0.2125,0.4889,0.014,0.0264,3.023,0.7479,0.1231,0.4692,319.0,189.6,92.2,45.97,112.6
Quench_Temper,794.6,47.3,Water,235.3,87.9,0.3822,0.2016,1.3119,0.018,0.0253,1.8917,0.689,0.2086,0.2732,1642.0,1551.8,503.1,19.43,748.9
Annealing,783.4,87.3,Furnace,0.0,0.0,0.5031,0.6882,0.6488,0.0168,0.0189,3.3867,0.1033,0.135,0.3806,495.0,300.0,143.1,45.39,202.9
Normalizing,892.5,50.9,Air,0.0,0.0,0.0935,0.4722,1.4451,0.0163,0.0034,0.6716,0.9107,0.1155,0.2969,400.3,248.2,115.5,38.07,154.9
Normalizing,738.6,58.4,Air,0.0,0.0,0.5902,0.5681,1.2142,0.0193,0.0132,2.6693,0.1352,0.2499,0.0273,682.5,462.6,202.9,35.98,298.6
Stress_Relief,354.3,215.8,Air,0.0,0.0,0.5419,0.5229,1.0072,0.0153,0.0239,2.4425,0.6503,0.3721,0.1795,566.8,354.0,163.3,38.74,218.3
Annealing,755.8,86.6,Furnace,0.0,0.0,0.5847,0.2626,0.8957,0.0251,0.0272,0.9811,0.7684,0.2657,0.1045,512.3,241.9,146.7,43.3,179.4
Quench_Temper,805.9,43.3,Salt Bath,325.6,125.4,0.3071,0.7642,1.1093,0.0132,0.0138,2.9825,0.8898,0.3099,0.3027,1228.6,955.8,366.4,23.49,512.1
Normalizing,824.7,40.9,Air,0.0,0.0,0.4249,0.5976,1.6296,0.0309,0.0043,0.4077,1.35,0.4788,0.1708,585.4,342.8,173.6,38.44,269.2
Quench_Temper,816.0,74.3,Oil,209.4,90.6,0.596,0.6946,1.0454,0.0306,0.0129,0.271,0.7942,0.3557,0.4943,1805.9,1593.6,562.5,19.53,824.1
Stress_Relief,385.3,263.3,Air,0.0,0.0,0.1763,0.2533,0.3539,0.018,0.0062,1.8569,0.5294,0.4529,0.1093,402.9,268.7,117.0,37.63,172.3
Stress_Relief,275.1,156.9,Air,0.0,0.0,0.2364,0.3741,1.2249,0.0283,0.0146,0.7809,1.3911,0.141,0.1472,403.5,262.3,115.0,38.29,152.6
Quench_Temper,899.2,55.7,Salt Bath,419.9,34.3,0.0912,0.4096,0.3444,0.0207,0.0271,1.3903,1.4449,0.0275,0.056,955.2,797.9,287.6,26.36,465.3
Quench_Temper,808.6,68.0,Salt Bath,557.3,161.8,0.1016,0.2103,1.7669,0.0266,0.0144,3.4105,0.7114,0.4531,0.2272,835.1,704.9,249.6,27.79,331.4
Annealing,863.7,39.7,Furnace,0.0,0.0,0.1234,0.7048,1.3916,0.0232,0.0084,0.0895,0.8217,0.3578,0.3408,314.1,150.4,92.1,46.0,128.2
Quench_Temper,802.8,48.7,Water,635.5,102.1,0.3917,0.7861,1.4135,0.0263,0.009,3.1936,0.3394,0.1007,0.0405,960.0,739.5,288.2,28.02,473.1
Stress_Relief,227.1,229.5,Air,0.0,0.0,0.5229,0.4446,1.2396,0.0285,0.0248,2.7846,0.4774,0.021,0.3576,570.4,347.9,165.9,34.17,243.5
Annealing,785.5,95.7,Furnace,0.0,0.0,0.1578,0.353,1.5364,0.03,0.0139,3.1066,0.1257,0.2402,0.3585,333.3,185.6,98.4,46.08,129.6
Annealing,762.9,39.7,Furnace,0.0,0.0,0.5784,0.3317,1.4547,0.0278,0.014,1.9483,0.3205,0.3925,0.1519,579.2,328.0,168.6,44.79,241.8
Annealing,832.5,100.0,Furnace,0.0,0.0,0.5167,0.205,0.3976,0.0342,0.0203,0.3183,1.6987,0.1633,0.5953,531.0,261.9,162.3,46.19,209.9
Normalizing,892.8,52.1,Air,0.0,0.0,0.1545,0.5186,0.7838,0.0116,0.0107,0.8453,0.5218,0.2895,0.2812,393.5,220.0,116.7,37.63,154.5
Stress_Relief,676.1,159.1,Air,0.0,0.0,0.326,0.4813,0.4672,0.0225,0.0194,1.0323,0.8943,0.3453,0.4065,478.5,263.0,134.5,32.71,178.0
Stress_Relief,522.8,183.4,Air,0.0,0.0,0.2608,0.2712,0.5964,0.0265,0.0068,0.7857,1.054,0.3623,0.3032,396.4,225.2,114.6,37.65,164.0
Quench_Temper,839.3,62.0,Polymer,437.5,187.9,0.1719,0.5605,0.7323,0.0081,0.0295,1.616,1.5032,0.3195,0.0085,986.0,793.5,304.8,26.92,422.4
Quench_Temper,796.2,58.2,Water,215.7,112.5,0.3352,0.1853,1.5013,0.0336,0.0243,2.9312,0.176,0.3797,0.2606,1657.6,1267.3,492.2,20.67,779.3
Normalizing,782.6,15.5,Air,0.0,0.0,0.4648,0.6019,1.4379,0.0102,0.025,1.405,1.189,0.0809,0.4697,639.5,373.3,195.1,35.36,276.5
Quench_Temper,760.0,24.8,Water,240.3,44.5,0.4888,0.1737,1.5561,0.0329,0.0116,2.8693,0.8275,0.4862,0.085,1900.7,1701.1,561.7,19.76,800.2
Annealing,815.8,90.0,Furnace,0.0,0.0,0.1762,0.6007,1.3322,0.017,0.0081,2.873,1.2326,0.399,0.0287,318.7,152.5,93.1,43.02,125.7
Quench_Temper,759.7,62.6,Water,658.3,114.4,0.4085,0.1148,1.5408,0.0236,0.0151,1.7279,0.3558,0.4136,0.2242,948.9,703.4,288.3,28.23,481.3
Quench_Temper,827.2,36.0,Oil,351.0,69.2,0.2131,0.1038,1.7964,0.0235,0.01,1.5974,1.3679,0.2386,0.3016,1200.9,921.0,361.3,24.36,514.7
Annealing,751.2,30.4,Furnace,0.0,0.0,0.4654,0.4108,1.6973,0.0294,0.0228,1.93,0.2823,0.0564,0.5378,487.3,239.8,140.0,44.33,198.4
Quench_Temper,832.0,31.0,Polymer,281.4,221.9,0.3186,0.3696,0.7381,0.0258,0.0276,2.0909,1.674,0.037,0.5868,1467.2,1281.9,432.5,21.02,712.6
Normalizing,826.9,19.4,Air,0.0,0.0,0.2658,0.3015,1.2228,0.0296,0.029,1.2902,1.4485,0.2307,0.082,488.9,270.9,136.7,37.83,205.1
Stress_Relief,676.1,135.7,Air,0.0,0.0,0.2556,0.5063,1.1771,0.0244,0.0082,3.4197,0.305,0.0307,0.5168,427.8,272.3,121.6,38.4,166.4
Annealing,808.6,49.7,Furnace,0.0,0.0,0.2389,0.5121,1.6401,0.0175,0.0253,0.8074,0.3743,0.0898,0.0719,367.9,172.3,107.7,43.39,138.7
Normalizing,808.6,32.2,Air,0.0,0.0,0.3117,0.7155,1.6381,0.0276,0.0042,1.7575,1.2574,0.4454,0.1271,535.5,346.6,159.1,38.44,234.3
Normalizing,778.9,50.5,Air,0.0,0.0,0.4679,0.5963,0.7481,0.0286,0.0246,2.5523,1.5229,0.1249,0.4564,603.5,340.5,179.8,36.09,225.0
Quench_Temper,883.4,85.1,Polymer,169.2,160.5,0.1527,0.5497,0.9507,0.0262,0.0097,1.3618,0.491,0.3109,0.2018,1317.2,1094.8,400.4,21.72,534.7
Annealing,799.9,76.3,Furnace,0.0,0.0,0.34,0.781,1.3886,0.0326,0.0126,2.9529,0.0034,0.1718,0.4427,413.0,247.9,119.2,46.46,149.8
Quench_Temper,873.5,62.3,Polymer,359.9,38.7,0.1812,0.3755,0.8474,0.0306,0.0112,1.1238,0.3153,0.2611,0.2364,1091.6,828.3,330.2,28.05,511.4
Stress_Relief,622.9,133.4,Air,0.0,0.0,0.3079,0.2353,1.784,0.0056,0.0266,2.8498,0.3863,0.1221,0.4303,459.1,326.1,132.2,36.49,197.3
Stress_Relief,234.4,163.7,Air,0.0,0.0,0.5437,0.4045,0.4257,0.0246,0.0282,3.0565,0.7732,0.0274,0.5516,573.7,369.5,162.2,38.18,235.6
Normalizing,813.4,35.3,Air,0.0,0.0,0.5743,0.7801,0.6857,0.0314,0.0202,0.5309,1.3919,0.0373,0.1654,691.3,479.1,201.0,37.89,304.8
Quench_Temper,794.0,29.5,Oil,204.8,163.9,0.4441,0.7474,1.5586,0.0145,0.0207,1.9404,0.6495,0.1083,0.3794,1665.1,1352.7,502.1,20.42,727.9
Stress_Relief,281.6,248.8,Air,0.0,0.0,0.5199,0.178,1.4851,0.0153,0.0268,0.2425,0.7611,0.3033,0.435,583.6,366.2,172.9,37.77,257.2
Quench_Temper,794.0,35.4,Oil,613.5,135.0,0.4097,0.5442,0.9827,0.021,0.0283,1.702,0.0556,0.3671,0.0233,858.7,645.4,265.7,27.21,355.3
Stress_Relief,441.9,256.7,Air,0.0,0.0,0.5934,0.1105,1.2389,0.0337,0.024,2.9649,0.8726,0.2465,0.5513,601.3,377.8,175.7,37.95,269.4
Annealing,790.9,77.5,Furnace,0.0,0.0,0.4484,0.1182,0.5931,0.0159,0.0131,1.9273,1.7782,0.3754,0.3594,531.1,282.0,151.4,43.68,230.4
Stress_Relief,241.1,83.5,Air,0.0,0.0,0.4396,0.2321,0.7645,0.032,0.0251,1.1749,0.4645,0.0507,0.4101,479.2,283.4,142.0,37.98,206.0
Quench_Temper,876.2,56.3,Salt Bath,618.8,66.8,0.1365,0.7979,1.5792,0.0338,0.0174,0.6628,1.6988,0.3033,0.3614,789.5,640.7,253.7,28.01,347.4
Quench_Temper,846.7,62.6,Water,419.4,183.8,0.2515,0.7553,1.4905,0.0168,0.0165,2.2808,0.6688,0.1346,0.2034,1141.8,986.5,345.1,25.34,486.6
Normalizing,771.1,44.9,Air,0.0,0.0,0.5116,0.3119,0.5474,0.0206,0.0245,3.1932,0.8123,0.1051,0.4759,603.1,369.1,184.1,38.21,270.1
Normalizing,842.6,51.4,Air,0.0,0.0,0.3496,0.4427,0.3864,0.0208,0.0129,1.0108,1.1212,0.1747,0.28,590.4,395.9,169.5,38.15,266.7
Annealing,762.9,34.1,Furnace,0.0,0.0,0.3314,0.1099,1.7853,0.0232,0.0188,3.4093,0.7204,0.0177,0.5776,450.0,196.4,125.8,46.38,159.8
Quench_Temper,868.7,58.8,Polymer,596.4,234.5,0.1656,0.5241,1.1928,0.01,0.0166,1.2656,1.4055,0.1122,0.2112,807.5,708.4,243.5,27.71,378.6
Quench_Temper,802.0,33.9,Oil,529.8,189.6,0.5831,0.227,1.3581,0.0326,0.0224,1.4303,0.2291,0.3983,0.3091,1127.5,974.8,342.8,27.72,540.7
Quench_Temper,799.5,23.7,Water,541.1,65.9,0.3812,0.1614,1.7769,0.0221,0.0282,0.1403,0.681,0.2634,0.3679,1131.2,950.2,330.8,28.41,500.8
Stress_Relief,495.1,281.6,Air,0.0,0.0,0.1961,0.6799,1.2163,0.0285,0.0185,0.3591,0.287,0.2167,0.5575,418.5,285.5,119.0,37.68,174.5
Quench_Temper,776.8,78.0,Polymer,275.2,92.2,0.5667,0.1362,1.3513,0.0213,0.0233,1.3522,0.2309,0.1798,0.0911,1666.2,1329.6,489.3,19.85,672.2
Normalizing,762.9,17.0,Air,0.0,0.0,0.5057,0.1708,0.56,0.0278,0.0232,2.7274,0.614,0.1948,0.0014,595.0,394.5,181.2,38.0,261.8
Quench_Temper,814.2,63.6,Polymer,312.6,120.6,0.3687,0.5277,0.3983,0.017,0.0159,3.4819,1.5572,0.4713,0.0403,1374.0,1158.9,429.2,23.23,643.7
Quench_Temper,824.5,32.8,Water,398.6,166.7,0.3757,0.5477,1.0353,0.0102,0.0085,2.3413,0.8963,0.2234,0.2849,1298.0,1028.5,397.6,24.46,651.7
Normalizing,804.0,46.4,Air,0.0,0.0,0.3594,0.2359,1.454,0.0069,0.0267,0.9316,0.6223,0.1673,0.3895,570.0,363.4,165.0,37.47,252.8
Quench_Temper,847.9,58.5,Salt Bath,179.4,65.4,0.4247,0.1835,0.3538,0.0086,0.0272,0.3756,1.2815,0.3666,0.2497,1595.2,1251.3,502.8,20.77,697.8
Quench_Temper,851.9,54.9,Water,653.5,89.9,0.4848,0.5765,0.4795,0.0051,0.0208,0.4482,1.2747,0.3192,0.2739,1024.8,882.4,311.5,27.92,415.6
Quench_Temper,830.6,35.5,Polymer,539.0,203.8,0.1132,0.2075,1.414,0.0059,0.0258,3.4252,1.7209,0.037,0.0192,883.7,719.0,257.9,27.69,411.4
Stress_Relief,304.6,113.2,Air,0.0,0.0,0.2025,0.2568,1.0589,0.0289,0.0249,2.7514,0.0625,0.2973,0.4604,376.4,273.7,112.8,37.6,154.2
Quench_Temper,786.5,28.0,Water,563.9,189.8,0.3708,0.3656,1.4444,0.0314,0.0138,1.9693,0.1461,0.3802,0.3014,1022.6,813.7,295.7,26.05,432.8
Normalizing,793.7,50.9,Air,0.0,0.0,0.4222,0.3452,0.8425,0.009,0.0173,0.4355,0.6452,0.2969,0.1913,603.0,359.1,170.3,37.91,236.0
Stress_Relief,357.8,123.2,Air,0.0,0.0,0.2886,0.3922,1.5074,0.0319,0.0258,1.0829,1.015,0.4341,0.4677,480.9,303.2,140.9,38.54,211.3
Normalizing,919.0,59.1,Air,0.0,0.0,0.1727,0.7876,0.4858,0.014,0.0095,0.4696,1.2722,0.4022,0.2699,476.9,288.6,131.8,37.84,180.0
Stress_Relief,271.9,88.3,Air,0.0,0.0,0.2097,0.694,0.9609,0.007,0.0278,0.2526,0.5324,0.2796,0.338,329.1,235.1,94.7,37.5,140.6
Stress_Relief,667.0,180.4,Air,0.0,0.0,0.2442,0.1053,1.0774,0.0182,0.0138,0.5029,1.7723,0.3513,0.2783,430.2,272.8,124.1,37.0,170.0
Normalizing,879.6,31.2,Air,0.0,0.0,0.2207,0.273,0.3228,0.0268,0.0076,1.3589,1.1743,0.2804,0.4345,466.5,310.3,135.9,37.77,184.4
Normalizing,770.5,56.4,Air,0.0,0.0,0.5349,0.1073,1.3201,0.0252,0.021,1.5037,0.9175,0.142,0.3336,659.4,392.5,196.3,37.42,297.7
Stress_Relief,630.5,236.2,Air,0.0,0.0,0.1041,0.5719,1.6769,0.0228,0.0049,0.3398,1.6736,0.061,0.4817,355.5,211.6,103.7,38.29,159.9
Quench_Temper,805.1,72.4,Salt Bath,503.1,72.8,0.5312,0.4844,1.0343,0.0181,0.0101,2.2328,1.144,0.3769,0.1182,1141.6,1023.0,348.5,25.14,535.3
Quench_Temper,850.6,42.6,Oil,466.0,85.4,0.2368,0.6478,0.311,0.0078,0.0188,3.4375,1.5014,0.0837,0.5401,1000.1,778.3,304.3,25.51,402.4
Quench_Temper,833.3,79.5,Oil,445.7,182.1,0.5432,0.7495,0.4008,0.0139,0.0233,3.2574,1.3406,0.322,0.4708,1295.4,1095.4,390.4,25.01,546.7
Quench_Temper,809.3,36.7,Water,195.6,70.1,0.2746,0.3525,1.4709,0.0348,0.027,1.2169,0.857,0.4228,0.2329,1625.3,1316.5,478.5,19.4,793.5
Quench_Temper,866.6,29.4,Polymer,178.8,92.9,0.312,0.6606,0.7613,0.0206,0.0108,1.6862,1.7087,0.0771,0.3432,1681.9,1346.0,509.8,19.55,765.6
Quench_Temper,753.6,55.7,Salt Bath,418.8,121.8,0.5444,0.5138,1.2013,0.0305,0.0173,2.0466,1.369,0.4411,0.149,1302.6,1065.0,390.6,24.72,547.3
Normalizing,762.1,24.4,Air,0.0,0.0,0.4159,0.5737,1.651,0.0111,0.0136,1.9967,0.6465,0.3222,0.1217,641.6,360.9,189.2,36.26,267.3
Normalizing,803.2,48.4,Air,0.0,0.0,0.5645,0.3282,1.4242,0.0207,0.0102,0.0968,0.766,0.0658,0.3206,610.5,422.8,181.3,38.15,260.5
Stress_Relief,350.0,241.6,Air,0.0,0.0,0.254,0.5007,1.1644,0.028,0.0281,3.4648,0.8955,0.2615,0.4908,449.4,331.1,134.5,36.45,201.3
Normalizing,784.4,16.5,Air,0.0,0.0,0.5709,0.5693,1.4316,0.0248,0.0265,0.7704,0.0071,0.375,0.3341,676.5,453.7,218.5,36.97,264.7
Quench_Temper,753.3,44.6,Oil,302.4,66.7,0.5873,0.6222,1.4998,0.0118,0.0136,2.9833,0.9104,0.2893,0.5311,1700.5,1462.7,517.0,19.57,761.3
Quench_Temper,837.8,85.4,Polymer,488.3,138.1,0.4744,0.642,1.425,0.031,0.0067,0.7501,0.0078,0.4665,0.1587,1145.2,1000.4,337.7,28.37,505.0
Quench_Temper,824.6,50.4,Water,639.4,90.4,0.4985,0.7319,0.9724,0.0154,0.0118,1.3251,0.7057,0.1475,0.0254,993.3,874.0,312.6,26.02,408.4
Quench_Temper,844.8,23.2,Salt Bath,475.9,71.6,0.2365,0.3828,1.0691,0.0126,0.003,3.2783,0.044,0.1561,0.2131,959.4,874.6,288.0,28.02,401.4
Normalizing,879.3,58.1,Air,0.0,0.0,0.0832,0.5199,0.4951,0.031,0.0245,3.0743,1.1523,0.3522,0.4519,404.3,240.3,116.9,38.33,165.2
Stress_Relief,699.3,235.6,Air,0.0,0.0,0.2431,0.2526,0.6149,0.0128,0.02,2.229,1.7759,0.275,0.537,412.4,297.4,123.1,38.22,184.0
Normalizing,856.8,16.3,Air,0.0,0.0,0.1676,0.6144,0.5747,0.0298,0.0042,3.4292,0.874,0.4774,0.1497,440.7,267.9,125.2,35.58,175.5
Quench_Temper,851.3,70.4,Water,568.8,161.2,0.3684,0.2993,0.7708,0.0106,0.0213,0.5962,0.1993,0.4949,0.1678,963.3,802.6,280.3,25.22,435.8
Quench_Temper,811.4,85.8,Oil,378.8,187.0,0.4349,0.6456,1.433,0.0268,0.0262,2.5309,0.5649,0.2771,0.088,1290.3,1048.8,386.2,24.28,572.1
Stress_Relief,200.5,60.9,Air,0.0,0.0,0.4722,0.1137,1.6429,0.007,0.0083,1.7866,0.5441,0.2103,0.4733,542.6,349.6,160.7,37.92,218.2
Annealing,859.0,85.1,Furnace,0.0,0.0,0.1336,0.5738,1.5004,0.0269,0.0086,1.4147,1.1571,0.1892,0.0812,310.4,156.6,90.1,45.22,134.1
Quench_Temper,780.8,40.5,Water,665.2,178.7,0.4426,0.2735,1.0554,0.0194,0.0071,2.1685,0.7651,0.4059,0.3905,951.3,800.4,287.7,27.98,420.9
Stress_Relief,645.4,192.1,Air,0.0,0.0,0.2823,0.2352,1.3078,0.0071,0.0254,2.8571,1.1013,0.1466,0.51,464.2,275.9,136.7,37.8,217.0
Normalizing,844.3,29.7,Air,0.0,0.0,0.2704,0.7373,1.6332,0.022,0.0114,0.2915,0.3348,0.055,0.4877,490.9,268.5,141.0,38.17,195.9
Quench_Temper,840.5,58.9,Water,515.4,165.1,0.5609,0.3133,0.3616,0.0232,0.027,1.7787,0.0994,0.1098,0.152,1203.3,1065.6,352.2,24.74,567.4
Quench_Temper,837.4,68.8,Salt Bath,214.8,224.5,0.3227,0.3226,1.7376,0.0236,0.0286,0.6762,0.6438,0.3564,0.4862,1464.1,1092.2,436.7,25.74,695.2
Quench_Temper,872.2,26.5,Oil,324.4,145.2,0.184,0.6453,1.004,0.0272,0.021,0.7509,0.2356,0.3052,0.5926,1102.8,882.5,338.8,27.63,463.8
Quench_Temper,862.6,78.4,Oil,624.8,131.5,0.1351,0.3883,1.0741,0.0106,0.0046,1.6728,0.7136,0.1076,0.3922,776.1,733.0,245.0,28.35,341.3
Quench_Temper,843.8,89.4,Polymer,156.4,146.9,0.3274,0.3615,0.5456,0.0146,0.014,1.1524,1.3464,0.343,0.0134,1623.2,1366.0,486.4,19.01,790.0
Quench_Temper,869.7,74.1,Water,185.6,66.1,0.4229,0.6858,0.7484,0.0083,0.003,0.33,1.524,0.0359,0.1656,1884.3,1521.0,580.7,17.46,914.7
Quench_Temper,815.9,55.7,Polymer,256.8,51.6,0.4881,0.2579,0.7531,0.0065,0.0144,1.6415,0.3887,0.3465,0.1921,1620.5,1419.8,490.6,21.23,710.1
Stress_Relief,211.3,228.8,Air,0.0,0.0,0.543,0.6545,1.5718,0.0339,0.0131,2.8976,0.4484,0.3533,0.3347,577.5,339.6,177.5,38.5,271.1
Quench_Temper,899.0,49.0,Water,323.4,233.6,0.1034,0.661,0.8886,0.0126,0.0233,1.3703,1.6893,0.023,0.3395,1126.3,857.1,349.4,25.51,470.5
Annealing,818.4,109.6,Furnace,0.0,0.0,0.5715,0.7632,0.7251,0.0298,0.0059,0.5668,0.353,0.0851,0.5119,554.5,339.0,162.8,41.76,224.0
Normalizing,865.8,32.1,Air,0.0,0.0,0.2393,0.5063,0.8376,0.0128,0.0207,0.8574,1.6876,0.2163,0.1527,471.7,281.6,139.9,36.95,216.1
Quench_Temper,855.9,44.0,Salt Bath,221.0,92.4,0.1597,0.2895,1.6636,0.0185,0.0266,0.6829,1.2203,0.4122,0.3587,1310.3,1003.7,390.5,23.9,583.8
Stress_Relief,690.9,82.7,Air,0.0,0.0,0.3779,0.53,1.2927,0.0192,0.0149,1.4269,1.1195,0.3812,0.5575,495.3,332.3,146.2,37.4,198.6
Quench_Temper,877.5,25.8,Polymer,356.8,84.1,0.2381,0.58,0.3872,0.0211,0.0215,0.0929,0.0284,0.2363,0.5827,1096.0,868.1,335.9,24.33,539.7
Annealing,728.2,33.2,Furnace,0.0,0.0,0.5342,0.3235,1.6285,0.0268,0.0219,3.3601,1.1468,0.4145,0.4644,543.6,272.1,155.5,45.06,223.7
Quench_Temper,824.1,31.6,Salt Bath,239.9,182.0,0.2449,0.2387,0.7445,0.0141,0.0251,3.1462,0.091,0.2997,0.1967,1236.6,966.5,370.7,26.35,584.5
Normalizing,863.5,32.5,Air,0.0,0.0,0.2426,0.133,0.7133,0.0348,0.0134,0.2322,0.0582,0.2184,0.1772,434.9,307.4,125.8,37.7,192.6
Stress_Relief,491.9,196.1,Air,0.0,0.0,0.5319,0.6344,0.6763,0.0123,0.0164,0.6345,1.7808,0.2729,0.5623,594.9,398.9,172.8,35.63,271.8
Quench_Temper,832.3,53.0,Water,279.6,182.7,0.5122,0.2351,0.788,0.0174,0.0293,0.2216,1.3257,0.0883,0.0353,1708.0,1555.2,514.1,21.23,755.5
Quench_Temper,847.5,87.3,Water,677.7,92.0,0.1529,0.6469,1.3074,0.0064,0.0056,3.3906,0.4585,0.4244,0.4621,777.6,679.5,231.3,28.29,349.6
Stress_Relief,570.1,190.3,Air,0.0,0.0,0.5068,0.3425,0.3813,0.0195,0.0136,3.3915,0.9137,0.0916,0.1396,568.2,388.5,163.7,37.96,220.3
Normalizing,878.1,23.2,Air,0.0,0.0,0.1352,0.327,0.3949,0.0266,0.007,0.5408,1.4605,0.2607,0.4017,425.4,263.9,123.1,37.5,185.6
Annealing,732.8,43.8,Furnace,0.0,0.0,0.5536,0.6038,1.6542,0.0092,0.0178,3.261,1.3127,0.2655,0.09,503.2,230.8,146.4,46.06,180.9
Normalizing,867.7,20.6,Air,0.0,0.0,0.113,0.6265,0.3806,0.0173,0.0256,3.1038,0.7754,0.4826,0.4145,392.2,266.8,114.6,37.95,151.9
Quench_Temper,808.1,44.1,Salt Bath,425.2,91.4,0.584,0.5007,1.381,0.0324,0.0257,1.0633,1.4661,0.378,0.5621,1320.0,1204.0,420.3,24.46,608.8
Normalizing,820.4,54.9,Air,0.0,0.0,0.3593,0.2258,0.8737,0.0137,0.0216,1.3393,0.8819,0.4596,0.3643,580.1,338.5,167.0,34.43,225.4
Quench_Temper,882.4,32.2,Water,192.7,182.7,0.1103,0.694,1.578,0.0301,0.0261,1.1575,0.1956,0.3688,0.2339,1281.4,1158.2,387.4,25.08,539.0
Annealing,839.8,111.8,Furnace,0.0,0.0,0.5829,0.5587,0.9365,0.0251,0.0272,0.0276,1.0954,0.0335,0.5312,538.5,313.6,155.5,46.14,219.3
Stress_Relief,577.0,112.1,Air,0.0,0.0,0.1454,0.7912,0.7123,0.0203,0.0237,3.4498,1.4331,0.2532,0.216,336.9,198.8,96.9,37.81,139.2
Quench_Temper,844.7,38.3,Water,297.4,224.8,0.4062,0.7289,0.3614,0.0111,0.0269,1.2045,0.0696,0.4164,0.1441,1453.5,1081.2,431.7,20.84,705.0
Normalizing,856.6,42.8,Air,0.0,0.0,0.288,0.6381,1.731,0.0265,0.0132,0.4524,0.5609,0.3635,0.4416,492.9,288.6,144.6,36.48,221.9
Normalizing,874.8,16.4,Air,0.0,0.0,0.1831,0.1569,1.2245,0.0097,0.0261,0.019,1.7343,0.1028,0.3954,454.5,281.5,130.8,37.88,200.3
Annealing,767.0,96.7,Furnace,0.0,0.0,0.4472,0.6881,1.2132,0.0167,0.012,2.7973,0.4685,0.0629,0.4784,490.4,302.5,141.4,44.47,213.3
Stress_Relief,484.4,127.0,Air,0.0,0.0,0.4864,0.5986,1.27,0.0169,0.0238,2.2264,1.1064,0.0733,0.5974,591.0,349.1,173.9,35.52,248.5
Normalizing,821.5,46.7,Air,0.0,0.0,0.189,0.7407,1.5394,0.0312,0.0177,2.1905,1.4188,0.2657,0.3041,478.7,295.9,139.9,37.86,218.5
Stress_Relief,363.3,233.1,Air,0.0,0.0,0.4645,0.4958,1.0906,0.0257,0.0112,1.6443,1.5941,0.3154,0.4711,569.8,374.7,161.7,35.88,252.6
Normalizing,791.6,15.2,Air,0.0,0.0,0.4302,0.3629,1.6977,0.0338,0.0072,1.196,1.425,0.0645,0.441,638.3,373.1,194.7,37.83,292.7
Stress_Relief,467.7,71.9,Air,0.0,0.0,0.1838,0.154,1.1172,0.0319,0.0147,2.4426,1.1443,0.1072,0.1774,414.6,278.8,120.4,34.11,157.8
Normalizing,832.5,15.9,Air,0.0,0.0,0.0922,0.5239,1.6711,0.0216,0.0073,2.2342,0.3519,0.0755,0.3063,377.9,207.3,112.7,38.01,173.4
Quench_Temper,861.5,76.9,Polymer,398.3,217.4,0.1476,0.1345,1.0876,0.0294,0.0122,1.3702,1.408,0.1651,0.5654,1076.3,806.8,305.9,27.77,427.9
Quench_Temper,878.2,31.3,Water,474.5,85.4,0.123,0.6954,1.5982,0.0255,0.0212,0.1579,1.3137,0.2231,0.5066,964.8,772.1,297.3,27.36,489.3
Normalizing,778.7,17.0,Air,0.0,0.0,0.4828,0.689,0.9674,0.0313,0.0189,2.4613,1.1541,0.1024,0.031,594.0,358.8,179.3,37.87,281.3
Normalizing,884.1,48.4,Air,0.0,0.0,0.1326,0.3949,0.3552,0.0241,0.0059,0.2969,1.6343,0.3863,0.2409,428.4,246.1,126.8,37.58,179.1
Quench_Temper,832.9,59.4,Water,400.6,167.6,0.1396,0.1978,1.0399,0.0348,0.0219,3.3093,1.5609,0.0434,0.031,1064.3,813.8,304.4,27.51,532.8
Quench_Temper,828.7,42.2,Salt Bath,194.0,63.3,0.1852,0.1838,1.2812,0.0269,0.0144,1.3186,1.3964,0.4968,0.3199,1329.2,1128.8,415.7,22.7,654.2
Annealing,875.6,60.8,Furnace,0.0,0.0,0.1824,0.6872,0.4162,0.0306,0.0254,3.3327,0.0406,0.0749,0.5181,321.6,154.8,90.2,46.07,124.5
Normalizing,811.3,42.5,Air,0.0,0.0,0.3145,0.3896,1.7951,0.0204,0.005,1.2521,0.2677,0.3532,0.1885,552.4,307.0,156.9,38.33,228.5
Normalizing,813.9,15.6,Air,0.0,0.0,0.2801,0.7733,0.9278,0.0349,0.0255,3.4264,0.3408,0.4425,0.4234,519.3,329.5,150.1,38.03,214.3
Annealing,824.9,31.8,Furnace,0.0,0.0,0.3837,0.6347,1.1307,0.028,0.0225,0.5583,1.028,0.2687,0.5293,406.2,218.8,117.9,46.3,176.0
Normalizing,824.6,18.3,Air,0.0,0.0,0.3558,0.1897,0.7366,0.0288,0.0179,0.1338,1.7831,0.398,0.0945,602.1,327.7,171.7,37.82,259.3
Quench_Temper,805.9,37.9,Water,515.9,121.4,0.5097,0.3113,0.902,0.0191,0.0069,1.5576,0.4789,0.2909,0.3937,1249.7,1023.3,377.1,24.31,526.2
Normalizing,765.2,23.7,Air,0.0,0.0,0.5649,0.4854,0.6149,0.0123,0.0156,2.9352,1.1017,0.2266,0.104,708.9,419.3,212.1,37.75,285.1
Annealing,841.6,39.9,Furnace,0.0,0.0,0.285,0.3874,1.1295,0.0228,0.0076,1.2799,1.7813,0.0508,0.5624,364.2,217.2,101.6,45.69,142.6
Quench_Temper,871.0,82.5,Salt Bath,308.3,146.6,0.198,0.4666,0.5489,0.029,0.0149,1.5787,1.4671,0.4282,0.3608,1159.5,944.0,360.9,26.52,483.9
Annealing,839.9,116.4,Furnace,0.0,0.0,0.2501,0.7588,1.7836,0.0111,0.0146,0.6026,1.5742,0.3469,0.2453,348.0,179.2,101.9,45.9,146.6
Normalizing,769.0,15.3,Air,0.0,0.0,0.5011,0.7654,0.9218,0.0098,0.0101,3.0451,1.3105,0.0444,0.0135,665.5,459.0,204.9,38.36,268.1
Quench_Temper,828.5,84.7,Water,370.0,237.8,0.1821,0.1382,1.2802,0.0312,0.0108,2.191,1.7291,0.0089,0.1551,1157.8,870.7,350.8,25.49,572.9
Normalizing,829.8,40.3,Air,0.0,0.0,0.378,0.5021,0.4475,0.0192,0.021,0.2404,0.8279,0.2444,0.5126,536.5,333.3,158.2,37.56,241.3
Quench_Temper,849.8,42.6,Water,479.6,174.2,0.2524,0.6778,0.3068,0.0133,0.0232,1.8721,0.521,0.3279,0.0566,954.8,889.3,294.6,28.07,419.6
Stress_Relief,297.3,72.1,Air,0.0,0.0,0.467,0.4397,0.6463,0.0068,0.0092,1.6989,1.5114,0.1725,0.256,572.5,312.1,162.7,37.7,240.2
Quench_Temper,824.4,84.1,Polymer,424.8,97.5,0.3507,0.3068,1.0719,0.0111,0.0246,3.2051,1.4329,0.1375,0.5966,1255.2,1120.8,371.5,24.35,589.1
Annealing,823.2,42.4,Furnace,0.0,0.0,0.1443,0.3374,1.7066,0.0083,0.0245,0.8111,1.3911,0.0134,0.049,308.6,169.5,90.1,45.63,107.9
Normalizing,812.2,46.7,Air,0.0,0.0,0.3234,0.3945,1.4395,0.0086,0.029,0.9141,1.4733,0.3816,0.5951,551.1,315.2,157.5,38.17,207.7
Quench_Temper,787.5,66.6,Polymer,483.7,226.5,0.2962,0.3201,0.9975,0.0163,0.0078,2.8314,0.1603,0.4925,0.1158,989.7,861.6,296.6,27.64,444.5
Annealing,773.7,68.1,Furnace,0.0,0.0,0.4018,0.3709,0.6836,0.033,0.0293,1.9926,0.5442,0.347,0.0542,428.9,254.4,126.8,44.95,154.8
Quench_Temper,863.7,20.5,Oil,548.2,196.5,0.2681,0.7622,1.3546,0.0169,0.0089,1.4874,0.3455,0.1631,0.0234,856.0,742.7,262.1,27.23,381.4
Quench_Temper,902.5,47.7,Water,574.0,233.0,0.3773,0.5803,0.6518,0.008,0.0252,0.2094,0.361,0.0106,0.4838,945.2,844.5,294.3,26.63,398.8
Quench_Temper,913.2,81.3,Water,587.4,210.5,0.1368,0.496,0.9249,0.0288,0.0066,1.6645,1.4027,0.0753,0.3223,840.6,669.4,249.8,28.14,392.2
Annealing,910.3,72.3,Furnace,0.0,0.0,0.1163,0.5838,0.4154,0.0128,0.0047,1.1252,1.5608,0.3884,0.0767,308.6,166.9,91.8,46.44,109.4
Quench_Temper,873.3,50.3,Oil,588.2,220.9,0.1256,0.2774,1.2507,0.0255,0.025,1.2949,0.3158,0.3208,0.2968,827.5,723.3,242.3,28.2,381.2
Normalizing,873.2,20.7,Air,0.0,0.0,0.2622,0.7281,0.4028,0.0131,0.0164,2.0045,1.0058,0.4326,0.5028,518.2,300.1,143.5,39.25,202.2
Annealing,867.6,88.6,Furnace,0.0,0.0,0.1917,0.504,1.2383,0.0252,0.0285,0.3898,0.3362,0.2242,0.1433,326.8,167.3,90.2,45.93,125.3
Normalizing,812.0,39.2,Air,0.0,0.0,0.3787,0.1131,0.4583,0.0072,0.0097,1.9076,0.7646,0.4643,0.4551,542.4,363.4,159.8,38.4,235.8
Stress_Relief,175.9,168.8,Air,0.0,0.0,0.0938,0.5782,0.6537,0.0327,0.0075,2.9064,1.6879,0.2273,0.2301,382.2,227.4,107.8,38.44,166.9
Quench_Temper,818.4,30.7,Water,496.1,166.3,0.1239,0.3549,1.7783,0.0344,0.0255,1.4175,1.4579,0.4928,0.1676,944.6,822.6,282.2,27.99,419.3
Quench_Temper,906.6,37.0,Oil,295.3,200.8,0.2443,0.6866,0.9799,0.0278,0.0078,0.5513,0.5181,0.4053,0.0853,1216.8,922.0,368.2,25.36,557.9
Quench_Temper,862.2,71.1,Water,465.2,121.6,0.3404,0.5967,0.5332,0.0123,0.0254,3.0245,0.6337,0.3815,0.5368,1152.0,984.5,353.5,24.62,529.8
Normalizing,919.0,18.6,Air,0.0,0.0,0.0802,0.1471,0.3965,0.015,0.0072,0.1157,0.897,0.1893,0.5465,379.2,247.2,109.4,37.7,156.2
Quench_Temper,793.5,77.3,Oil,191.0,59.9,0.3936,0.402,0.7996,0.0242,0.0195,2.9968,1.3392,0.1426,0.1571,1644.2,1518.2,509.7,21.88,813.3
Annealing,824.2,94.5,Furnace,0.0,0.0,0.4909,0.7529,0.4912,0.0162,0.0217,2.7651,1.3427,0.2284,0.3696,481.3,259.4,139.0,46.21,194.1
Normalizing,799.2,53.1,Air,0.0,0.0,0.5559,0.2593,0.9199,0.0063,0.0165,1.1124,0.1641,0.1795,0.5331,652.8,389.9,198.9,37.56,295.6
Annealing,828.3,101.0,Furnace,0.0,0.0,0.2671,0.5917,0.8343,0.01,0.0295,2.9336,0.7541,0.4627,0.3581,342.4,169.9,100.3,45.62,129.5
Annealing,801.2,47.0,Furnace,0.0,0.0,0.317,0.536,1.6229,0.0168,0.0123,0.3274,0.4627,0.2128,0.1424,399.9,228.1,116.0,45.37,146.6
Annealing,776.4,67.6,Furnace,0.0,0.0,0.199,0.3132,1.1575,0.0133,0.0261,3.3212,0.8838,0.399,0.1817,336.6,186.5,100.4,46.42,142.9
Annealing,785.6,87.9,Furnace,0.0,0.0,0.2159,0.1658,1.7198,0.0327,0.0248,1.4578,1.5687,0.3935,0.0541,361.5,217.3,101.6,45.22,153.0
Quench_Temper,842.0,63.5,Salt Bath,369.3,128.7,0.3369,0.2034,0.9174,0.0316,0.0179,0.2826,1.3447,0.3992,0.2311,1163.9,925.5,353.3,27.76,517.2
Annealing,814.3,116.5,Furnace,0.0,0.0,0.2451,0.5815,1.1162,0.0203,0.0089,2.2954,0.5654,0.4961,0.575,374.5,236.1,110.5,46.13,140.6
Quench_Temper,756.6,40.6,Polymer,332.1,125.1,0.5769,0.1939,1.7397,0.0325,0.0204,1.7418,1.0143,0.1845,0.114,1684.7,1367.7,479.4,22.49,803.5
Normalizing,830.5,39.5,Air,0.0,0.0,0.169,0.41,1.3794,0.023,0.0165,1.935,0.8004,0.4365,0.135,439.3,275.8,126.4,37.94,188.9
Quench_Temper,784.9,69.6,Water,679.7,31.6,0.4257,0.46,1.6607,0.0228,0.0067,0.901,0.6647,0.3468,0.5056,973.8,781.4,298.2,26.9,457.8
Quench_Temper,829.3,84.4,Polymer,595.2,214.6,0.2867,0.4558,1.733,0.0112,0.0048,0.5911,1.4933,0.2549,0.1888,925.5,787.9,271.4,27.86,420.5
Quench_Temper,826.0,84.0,Oil,527.8,127.4,0.3856,0.6108,1.5031,0.0224,0.0298,1.5016,0.7381,0.2804,0.0151,983.7,926.8,302.7,24.83,399.2
Stress_Relief,696.7,73.1,Air,0.0,0.0,0.2936,0.7507,0.4253,0.0259,0.0144,2.6577,0.7028,0.3633,0.4567,482.9,316.0,139.9,38.24,205.8
Normalizing,854.8,49.7,Air,0.0,0.0,0.1373,0.1793,0.4289,0.01,0.0184,1.4406,0.6337,0.1368,0.069,412.2,268.8,121.0,34.93,174.0
Annealing,831.8,41.4,Furnace,0.0,0.0,0.3213,0.2414,0.3392,0.0091,0.0168,1.7629,0.6515,0.21,0.5255,368.1,196.4,103.7,45.56,135.1
Annealing,888.3,60.1,Furnace,0.0,0.0,0.1065,0.4445,0.6221,0.0274,0.0234,0.5698,0.7063,0.083,0.4142,315.6,160.2,88.4,45.86,114.5
Annealing,793.2,109.0,Furnace,0.0,0.0,0.2937,0.4952,1.1612,0.0342,0.0151,1.7522,0.0094,0.3945,0.0098,382.0,191.5,109.1,46.39,141.9
Annealing,846.1,107.7,Furnace,0.0,0.0,0.3585,0.7761,1.2746,0.0168,0.0144,0.7246,0.2781,0.1117,0.2346,440.8,217.2,129.0,44.92,179.4
Normalizing,848.7,56.0,Air,0.0,0.0,0.2098,0.6579,1.6663,0.0117,0.0062,1.2753,0.3191,0.3197,0.2791,457.0,286.9,130.1,37.87,190.9
Normalizing,784.2,23.9,Air,0.0,0.0,0.4687,0.4509,1.1016,0.0254,0.0114,2.9717,0.706,0.4539,0.2604,594.0,393.9,179.8,38.02,269.0
Stress_Relief,629.6,160.5,Air,0.0,0.0,0.0817,0.4682,0.5292,0.0066,0.017,2.9168,0.5029,0.1248,0.5142,331.2,223.9,96.0,37.82,130.1
Annealing,831.2,90.1,Furnace,0.0,0.0,0.441,0.7001,1.2033,0.0247,0.0044,1.2629,1.1473,0.1751,0.5702,455.6,224.5,135.8,45.78,172.1
Annealing,761.6,90.6,Furnace,0.0,0.0,0.5937,0.5181,1.709,0.017,0.0233,1.1994,0.6154,0.0379,0.436,553.2,256.5,158.7,41.79,222.8
Quench_Temper,798.1,34.8,Oil,351.4,150.9,0.2391,0.182,1.7547,0.0285,0.0197,2.1655,1.3893,0.4951,0.1067,1171.1,953.7,358.9,26.08,561.3
Quench_Temper,842.9,56.1,Salt Bath,615.0,55.6,0.4693,0.6607,0.8481,0.0271,0.0086,1.5613,0.9494,0.2196,0.5819,939.8,729.5,284.3,28.35,410.6
Annealing,832.7,91.6,Furnace,0.0,0.0,0.1766,0.733,1.7706,0.0291,0.0292,2.0734,1.1909,0.4446,0.4913,337.1,170.1,99.3,46.22,148.0
Annealing,818.1,93.5,Furnace,0.0,0.0,0.3862,0.5663,1.2013,0.0335,0.0036,1.8287,0.8751,0.0177,0.1072,417.4,244.9,116.7,46.22,156.4
Annealing,847.8,38.6,Furnace,0.0,0.0,0.206,0.7708,1.0935,0.0222,0.006,3.1242,0.468,0.1793,0.4755,319.9,158.5,91.2,46.43,112.9
Normalizing,793.7,46.7,Air,0.0,0.0,0.5711,0.5092,1.7745,0.015,0.0154,0.045,0.3507,0.476,0.0655,668.3,403.9,198.7,37.9,268.4
Quench_Temper,778.2,51.6,Water,259.9,140.0,0.546,0.7429,1.6435,0.0128,0.0267,0.2209,0.4934,0.0109,0.0205,1791.0,1383.1,541.7,18.84,869.6
Annealing,779.1,81.9,Furnace,0.0,0.0,0.4211,0.2687,0.9291,0.011,0.0186,1.8436,1.1409,0.137,0.1105,438.2,261.6,127.3,45.77,185.8
Quench_Temper,877.3,51.0,Water,332.6,188.2,0.3899,0.3219,0.8768,0.0191,0.0213,0.7979,0.4637,0.1208,0.5699,1409.6,1181.9,427.5,24.19,604.3
Normalizing,850.0,58.1,Air,0.0,0.0,0.1087,0.6017,1.1045,0.016,0.004,1.1635,0.3572,0.3613,0.0481,412.6,269.3,118.4,37.23,173.3
Annealing,834.5,91.9,Furnace,0.0,0.0,0.2555,0.5745,1.033,0.0206,0.0178,2.7441,0.2621,0.3645,0.3556,343.5,180.7,102.3,45.52,139.1
Quench_Temper,867.3,58.6,Water,181.2,72.3,0.3685,0.1203,0.8129,0.0345,0.007,0.4443,1.6513,0.075,0.5276,1826.5,1577.6,568.8,21.51,738.0
Normalizing,855.3,25.0,Air,0.0,0.0,0.1467,0.5435,0.5974,0.0079,0.0203,1.8321,0.7481,0.2529,0.2331,440.0,260.9,126.7,37.74,186.1
Quench_Temper,753.6,86.8,Polymer,426.6,71.4,0.5785,0.6024,1.313,0.0168,0.0155,2.4703,0.726,0.0636,0.1887,1425.4,1070.6,428.9,21.7,592.0
Quench_Temper,778.5,74.5,Oil,301.5,45.0,0.5348,0.5281,1.1861,0.0305,0.0207,1.8803,1.4314,0.4648,0.3073,1600.9,1223.0,488.0,18.03,715.3
Annealing,785.5,46.3,Furnace,0.0,0.0,0.2513,0.2946,1.3657,0.0348,0.0161,2.8943,0.5381,0.364,0.0884,387.4,221.6,111.2,45.68,153.3
Normalizing,867.9,58.6,Air,0.0,0.0,0.0963,0.3085,1.6678,0.0262,0.0061,0.5474,1.7224,0.3254,0.1777,394.0,273.3,114.3,37.99,170.7
Quench_Temper,766.4,67.2,Oil,609.1,34.8,0.5824,0.5118,0.4674,0.0272,0.0083,2.0753,1.3495,0.4259,0.0564,1071.8,879.6,326.4,23.49,517.3
Quench_Temper,770.9,43.2,Water,505.1,122.2,0.5254,0.393,1.4006,0.0321,0.0049,1.8279,0.3835,0.43,0.5566,1349.4,1146.5,391.4,24.31,643.5
Quench_Temper,824.2,66.3,Oil,648.1,231.9,0.3837,0.6338,1.466,0.0273,0.0209,0.3388,0.3744,0.1516,0.1643,858.4,729.4,252.9,27.98,386.3
Annealing,900.7,106.9,Furnace,0.0,0.0,0.0953,0.7284,1.1681,0.0337,0.0273,0.6099,0.0911,0.2465,0.0824,314.6,168.6,89.1,45.92,134.2
Annealing,840.7,58.7,Furnace,0.0,0.0,0.1876,0.2756,0.5349,0.0329,0.0062,1.9302,0.9077,0.3283,0.1387,324.9,171.1,94.6,46.13,137.7
Annealing,795.9,113.5,Furnace,0.0,0.0,0.4405,0.141,0.9737,0.0327,0.0113,2.2585,1.2783,0.0911,0.4466,474.5,290.4,132.6,45.76,169.2
Quench_Temper,874.4,49.2,Oil,644.5,116.9,0.229,0.2947,0.4545,0.0146,0.0076,1.8184,0.8921,0.0874,0.539,787.6,702.7,239.2,27.55,354.8
Stress_Relief,336.4,272.2,Air,0.0,0.0,0.1721,0.4562,0.8948,0.018,0.005,3.1247,1.3798,0.1532,0.2976,370.2,249.6,105.7,38.21,158.2
Annealing,796.5,80.9,Furnace,0.0,0.0,0.4681,0.6378,1.3488,0.013,0.0255,2.2864,1.5272,0.239,0.5278,520.9,305.5,154.4,45.75,209.3
Normalizing,847.2,16.6,Air,0.0,0.0,0.2685,0.5254,0.4015,0.015,0.0129,3.3836,0.2042,0.319,0.5132,495.0,337.1,139.0,37.97,220.3
Quench_Temper,842.6,76.3,Salt Bath,381.9,178.3,0.1552,0.4065,0.4272,0.0146,0.0215,3.0499,0.3399,0.1604,0.1968,994.8,766.0,294.8,27.75,444.1
Stress_Relief,621.9,150.5,Air,0.0,0.0,0.3977,0.1153,0.3243,0.0098,0.0275,0.4979,0.4669,0.15,0.2846,456.3,259.6,130.4,37.58,204.5
Normalizing,741.7,45.5,Air,0.0,0.0,0.4642,0.2223,1.1761,0.0219,0.0112,3.4883,1.027,0.0433,0.3148,637.6,355.5,192.1,37.83,279.9
Stress_Relief,329.4,107.0,Air,0.0,0.0,0.2316,0.4953,1.4771,0.0075,0.0292,0.1056,1.5039,0.2632,0.0142,394.4,259.0,114.8,37.54,174.0
Stress_Relief,662.3,164.2,Air,0.0,0.0,0.1146,0.1127,0.9357,0.0101,0.0167,3.4731,0.0498,0.0916,0.2418,369.6,262.7,104.7,38.54,149.4
Quench_Temper,871.3,85.5,Salt Bath,152.1,60.1,0.2216,0.6595,0.4712,0.0314,0.0135,1.6229,0.4763,0.1434,0.5957,1408.9,1087.3,414.7,25.47,602.0
Stress_Relief,187.4,140.2,Air,0.0,0.0,0.3395,0.4486,0.3705,0.0083,0.0286,1.6817,1.4413,0.3996,0.5376,525.7,340.6,151.7,35.85,217.3
Annealing,851.9,43.6,Furnace,0.0,0.0,0.3822,0.4675,0.6968,0.025,0.0052,0.5353,1.4445,0.0057,0.3518,427.8,217.7,120.2,46.12,179.6
Quench_Temper,837.8,55.7,Water,169.1,134.4,0.2604,0.4356,0.8591,0.019,0.0227,3.4774,1.2427,0.3746,0.5571,1766.4,1366.0,507.9,19.98,728.6
Annealing,868.8,49.3,Furnace,0.0,0.0,0.2386,0.5379,0.7852,0.022,0.0144,0.0213,1.3079,0.3198,0.1241,351.5,175.9,103.4,42.57,149.8
Quench_Temper,854.0,28.3,Oil,324.3,183.5,0.5128,0.6905,0.5124,0.0059,0.0035,1.2101,0.8415,0.4549,0.5886,1483.0,1152.4,441.8,21.84,612.0
Quench_Temper,815.5,41.2,Polymer,231.7,181.2,0.5755,0.7374,0.9119,0.0216,0.0055,3.4013,1.5614,0.4766,0.3015,1921.6,1610.5,565.0,17.4,817.7
Quench_Temper,827.0,51.4,Water,158.6,232.4,0.3679,0.3292,1.3053,0.0319,0.0294,2.3815,0.8297,0.2729,0.5581,1864.6,1652.1,550.5,15.99,880.7
Normalizing,798.7,25.5,Air,0.0,0.0,0.5022,0.3547,0.8595,0.0232,0.0033,0.0196,1.0113,0.1342,0.1246,599.0,340.1,182.0,37.81,227.7
Quench_Temper,871.6,62.3,Polymer,598.8,115.4,0.1268,0.5301,1.2462,0.022,0.0231,2.9947,1.6898,0.0476,0.1581,841.7,737.9,252.7,26.92,383.1
Quench_Temper,813.4,39.7,Oil,283.0,102.9,0.201,0.5567,1.5941,0.0288,0.0127,2.2686,0.0489,0.1699,0.2213,1216.7,1041.7,369.0,25.71,532.0
Quench_Temper,832.7,43.2,Water,480.2,223.8,0.2743,0.1874,0.9306,0.0332,0.0138,0.7655,0.9052,0.2375,0.4909,1016.7,969.9,308.9,26.43,478.6
Stress_Relief,693.4,188.0,Air,0.0,0.0,0.519,0.4785,0.8716,0.0275,0.0235,2.9087,1.2351,0.3177,0.3917,572.2,376.2,169.7,35.09,248.2
Quench_Temper,806.0,86.9,Salt Bath,297.9,231.4,0.4797,0.7994,0.8954,0.0138,0.0239,2.4775,0.0632,0.4465,0.0255,1330.3,1215.4,412.5,22.2,583.9
Quench_Temper,841.1,75.5,Polymer,623.0,199.2,0.4148,0.3172,0.3834,0.0064,0.0158,1.1338,1.1283,0.1059,0.0839,917.0,730.1,279.3,27.72,408.1
Quench_Temper,838.3,55.8,Salt Bath,652.8,110.1,0.1785,0.3914,0.6136,0.0158,0.0205,3.2647,0.866,0.421,0.4697,778.0,700.5,239.3,27.84,393.3
Quench_Temper,841.6,66.7,Polymer,549.3,36.6,0.1602,0.7125,1.4582,0.0282,0.0229,3.0315,0.2654,0.173,0.3183,907.4,680.0,272.5,25.73,402.6
Quench_Temper,877.6,31.0,Salt Bath,572.9,186.8,0.2313,0.5594,0.5052,0.0079,0.0137,2.4669,0.5504,0.247,0.2506,830.4,626.8,254.4,28.0,360.1
Quench_Temper,842.6,38.2,Polymer,290.5,107.0,0.5677,0.5118,0.3734,0.0123,0.0255,0.4113,0.8428,0.277,0.4601,1633.4,1419.9,509.5,22.28,822.5
Stress_Relief,192.1,157.2,Air,0.0,0.0,0.1118,0.6081,0.8581,0.0097,0.0188,2.7174,0.2691,0.448,0.2334,348.9,219.1,99.7,38.3,135.5
Annealing,866.4,117.8,Furnace,0.0,0.0,0.1025,0.7609,0.6903,0.0113,0.0268,2.8066,0.0783,0.0656,0.3334,321.5,175.4,87.3,44.2,115.7
Annealing,820.0,55.8,Furnace,0.0,0.0,0.2667,0.2367,0.7239,0.016,0.0164,0.064,1.685,0.0043,0.1284,391.9,208.5,112.4,45.5,141.2
Quench_Temper,831.3,89.9,Polymer,271.7,204.4,0.3341,0.4319,0.9495,0.0059,0.0087,0.6577,0.3963,0.4847,0.2715,1385.4,1051.1,426.4,25.17,679.0
Stress_Relief,504.8,257.2,Air,0.0,0.0,0.2755,0.3171,0.3268,0.0248,0.0101,1.596,1.2985,0.1325,0.0137,415.2,240.5,121.0,38.67,169.4
Quench_Temper,851.9,68.4,Water,446.4,30.2,0.4077,0.6566,0.717,0.0317,0.0141,2.1252,1.2264,0.3133,0.2056,1304.8,996.7,402.6,23.62,679.4
Quench_Temper,889.2,89.1,Polymer,196.9,234.6,0.0838,0.1942,0.526,0.0145,0.0065,1.9694,0.7899,0.3118,0.0097,1146.3,908.4,349.1,26.88,531.4
Quench_Temper,885.6,46.5,Salt Bath,209.5,194.8,0.5113,0.5914,0.3025,0.0237,0.0262,0.2112,0.4423,0.0442,0.1781,1517.7,1322.8,483.3,18.94,663.7
Stress_Relief,330.6,237.3,Air,0.0,0.0,0.2357,0.6651,1.6911,0.0342,0.0121,2.4432,0.3122,0.0509,0.0635,412.9,260.1,118.5,38.02,186.5
Normalizing,796.3,49.6,Air,0.0,0.0,0.3876,0.3126,1.7511,0.0109,0.016,2.1011,0.7807,0.3444,0.5197,568.1,359.7,165.4,38.55,233.7
Annealing,866.4,75.8,Furnace,0.0,0.0,0.3026,0.686,0.8172,0.0146,0.0245,0.3699,0.026,0.0965,0.2945,374.2,178.8,108.5,46.46,163.5
Quench_Temper,781.5,79.9,Water,160.0,125.6,0.5437,0.1401,0.5016,0.0225,0.0089,2.7295,1.578,0.0092,0.154,2135.2,1819.7,666.7,15.11,977.4
Annealing,833.7,112.9,Furnace,0.0,0.0,0.3698,0.6259,1.335,0.0335,0.0165,0.1331,1.7078,0.4843,0.4238,435.4,205.9,128.4,45.14,177.9
Quench_Temper,779.7,67.3,Salt Bath,595.8,238.1,0.513,0.1364,1.134,0.0174,0.021,2.3056,0.4334,0.1538,0.4725,956.2,734.8,281.8,27.85,454.6
Stress_Relief,230.7,171.0,Air,0.0,0.0,0.491,0.3516,0.9388,0.0055,0.0068,0.6294,0.7646,0.3056,0.4857,574.1,364.6,164.2,37.94,251.2
Annealing,867.0,59.4,Furnace,0.0,0.0,0.0825,0.4847,0.6036,0.0155,0.0268,2.6208,0.8285,0.2825,0.4662,324.3,142.1,92.5,46.66,123.4
Quench_Temper,861.9,86.5,Polymer,484.0,34.9,0.1485,0.786,1.488,0.0283,0.0192,0.7908,0.1689,0.2752,0.4308,956.2,767.5,293.9,27.37,425.2
Annealing,813.0,90.8,Furnace,0.0,0.0,0.2198,0.2816,1.2229,0.0344,0.0177,1.0773,0.4389,0.3041,0.1681,343.6,196.6,95.9,42.36,125.0
Normalizing,848.6,18.6,Air,0.0,0.0,0.1472,0.7506,1.6014,0.0174,0.0156,1.5866,1.2408,0.3849,0.0967,492.9,292.5,138.7,37.85,192.8
Normalizing,873.2,31.8,Air,0.0,0.0,0.1715,0.2838,0.5143,0.0232,0.0187,1.3535,0.7573,0.1641,0.4742,409.1,223.1,118.4,37.72,169.2
Annealing,771.8,56.4,Furnace,0.0,0.0,0.3437,0.4572,1.7094,0.0169,0.0219,1.5187,1.6165,0.3905,0.0142,363.8,179.9,112.3,46.0,167.8
Normalizing,868.3,17.3,Air,0.0,0.0,0.2522,0.4632,1.1862,0.0123,0.017,0.0355,1.3052,0.2147,0.584,540.7,307.7,156.8,37.33,212.6
Stress_Relief,605.2,201.2,Air,0.0,0.0,0.5907,0.6916,0.3346,0.0185,0.0169,1.5555,0.0635,0.2926,0.1452,585.5,418.4,177.9,37.08,250.5
Quench_Temper,910.7,73.0,Water,407.6,121.6,0.129,0.2657,1.0804,0.0255,0.0201,0.4269,1.4618,0.1748,0.0695,1047.0,836.4,301.1,27.23,466.8
Normalizing,810.3,32.1,Air,0.0,0.0,0.4582,0.6877,0.7331,0.0117,0.0037,0.4217,0.5925,0.4563,0.1706,578.7,337.9,165.2,37.61,264.3
Stress_Relief,198.6,239.9,Air,0.0,0.0,0.3239,0.5615,1.6693,0.0246,0.0158,2.6254,0.873,0.3557,0.3702,479.1,279.4,138.1,37.3,183.1
Annealing,743.8,86.3,Furnace,0.0,0.0,0.5732,0.7665,1.3881,0.0162,0.0073,2.8375,0.7389,0.0198,0.4167,527.3,289.5,151.4,45.8,196.4
Quench_Temper,824.2,84.3,Salt Bath,473.0,66.2,0.5525,0.5313,1.0163,0.0104,0.0032,2.7816,1.6439,0.1153,0.4483,1293.7,1090.7,381.3,24.25,595.8
Quench_Temper,879.5,40.2,Polymer,593.4,66.1,0.0929,0.3995,0.6691,0.019,0.0157,1.5283,0.6269,0.232,0.4232,817.5,709.9,254.3,27.9,397.2
Stress_Relief,223.9,90.4,Air,0.0,0.0,0.5825,0.783,0.5817,0.0066,0.0142,2.4564,1.4214,0.0522,0.1875,597.0,354.6,186.1,38.33,229.6
Quench_Temper,792.3,76.0,Oil,465.4,194.4,0.4981,0.3109,1.6538,0.0088,0.0134,1.1226,1.5904,0.0768,0.2894,1224.4,1044.5,372.3,21.74,571.7
Normalizing,847.9,41.0,Air,0.0,0.0,0.1802,0.598,1.0398,0.0103,0.025,0.4613,1.2037,0.4714,0.2542,456.9,283.4,131.7,37.43,184.0
Quench_Temper,798.2,23.7,Salt Bath,543.5,61.6,0.3478,0.1253,1.1623,0.0304,0.0229,1.6903,1.114,0.1501,0.1544,947.7,749.1,285.9,28.17,447.2
Quench_Temper,830.2,54.9,Oil,151.3,209.8,0.1414,0.5131,1.7727,0.0095,0.0262,1.4617,1.4616,0.2061,0.0744,1384.1,1202.8,427.2,22.75,582.4
Normalizing,862.3,36.5,Air,0.0,0.0,0.083,0.2036,1.1185,0.0204,0.0298,1.5115,1.7658,0.3598,0.0108,371.2,237.8,111.2,37.86,156.1
Quench_Temper,822.1,63.9,Oil,187.5,96.6,0.4643,0.5898,0.5778,0.0195,0.0171,2.355,1.3863,0.0375,0.0527,1749.0,1509.3,515.5,19.33,784.5
Quench_Temper,802.5,36.4,Water,358.4,185.9,0.325,0.3918,0.6655,0.0055,0.0195,3.2337,1.1043,0.2205,0.1595,1319.4,1097.1,410.8,24.51,601.8
Annealing,781.4,114.1,Furnace,0.0,0.0,0.4919,0.7297,1.5885,0.0069,0.0215,0.2763,0.9442,0.2449,0.1879,487.9,228.7,145.2,42.57,204.7
Quench_Temper,893.8,37.2,Oil,261.0,153.4,0.2299,0.6614,0.4201,0.01,0.024,0.5812,1.3532,0.1449,0.3282,1278.5,1008.4,384.0,24.47,531.0
Quench_Temper,879.1,49.4,Water,544.6,125.1,0.2494,0.2657,0.8818,0.0186,0.0167,1.5103,0.9904,0.1304,0.2069,954.4,846.0,290.8,25.14,414.2
Annealing,926.5,35.0,Furnace,0.0,0.0,0.089,0.7615,0.6899,0.0259,0.0199,1.364,0.2523,0.0643,0.4328,308.4,169.6,89.1,39.93,116.4
Normalizing,746.4,35.6,Air,0.0,0.0,0.4159,0.303,1.3441,0.0271,0.0268,3.0488,1.1703,0.4192,0.5264,589.2,404.1,182.8,36.08,260.4
Normalizing,741.7,27.8,Air,0.0,0.0,0.5545,0.4896,1.6223,0.0317,0.0095,2.8013,1.2192,0.0921,0.0919,659.8,386.1,203.7,37.97,271.5
Quench_Temper,765.6,65.9,Polymer,678.8,222.4,0.4843,0.1296,0.6621,0.0209,0.0183,2.802,1.6521,0.476,0.0712,912.2,754.0,277.8,28.16,459.5
Quench_Temper,821.8,32.4,Water,261.2,49.1,0.3873,0.3635,0.373,0.0109,0.0294,3.3555,1.7694,0.1668,0.3025,1657.2,1533.6,502.4,21.03,706.4
Quench_Temper,876.6,48.2,Salt Bath,556.9,217.6,0.1028,0.4532,1.7932,0.0099,0.0129,0.3615,0.8611,0.2237,0.2267,825.9,702.9,255.9,28.0,347.6
Annealing,821.1,80.1,Furnace,0.0,0.0,0.2339,0.3753,1.747,0.0273,0.0215,2.2472,0.5802,0.0515,0.4702,377.6,221.8,114.0,45.43,158.2
Quench_Temper,863.5,61.3,Oil,309.9,238.2,0.153,0.3861,0.7689,0.0347,0.0088,1.4762,1.7013,0.4298,0.2034,1150.3,1012.3,335.5,24.97,478.3
Normalizing,824.3,27.2,Air,0.0,0.0,0.1568,0.3586,0.4999,0.0267,0.0173,2.6035,0.3297,0.2411,0.1748,420.2,273.9,119.5,38.47,159.6
Annealing,843.2,64.8,Furnace,0.0,0.0,0.1562,0.3897,0.9194,0.0174,0.021,0.819,0.9919,0.3444,0.3956,315.6,153.4,94.2,41.62,112.7
Normalizing,834.7,42.1,Air,0.0,0.0,0.5099,0.5636,0.4048,0.0262,0.0251,1.3746,1.0845,0.2523,0.5773,620.5,408.9,185.7,38.25,270.8
Annealing,850.3,48.6,Furnace,0.0,0.0,0.1758,0.763,1.5598,0.0099,0.0068,1.761,0.7882,0.0194,0.5741,308.6,163.6,90.3,45.58,129.8
Quench_Temper,860.4,48.2,Water,462.3,141.9,0.1997,0.1633,0.5814,0.032,0.0252,2.9475,1.4092,0.452,0.2356,1044.6,896.0,305.6,28.0,458.8
Annealing,773.3,67.8,Furnace,0.0,0.0,0.5356,0.1993,0.6157,0.0057,0.004,2.6745,0.5485,0.0679,0.1066,518.8,234.0,149.7,45.68,216.9
Stress_Relief,410.8,72.1,Air,0.0,0.0,0.5553,0.6016,1.3879,0.0281,0.0053,1.6731,0.6811,0.1775,0.0625,597.0,361.1,177.4,36.98,250.1
Quench_Temper,747.7,21.0,Polymer,390.2,101.3,0.487,0.1829,1.4606,0.0099,0.0044,3.1605,0.4426,0.4253,0.4589,1435.7,1138.5,423.4,20.56,641.4
Quench_Temper,816.7,24.5,Oil,272.0,236.9,0.3739,0.2628,1.5654,0.0348,0.0099,2.0264,1.6016,0.3715,0.3024,1522.5,1303.5,454.1,21.92,693.6
Quench_Temper,979.0,86.3,Salt Bath,206.2,113.2,0.0919,0.7906,0.4639,0.0163,0.0116,0.1414,0.7413,0.1653,0.3191,1111.6,883.6,332.8,24.68,454.7
Quench_Temper,836.2,63.4,Polymer,346.4,72.8,0.1338,0.3683,1.1332,0.0233,0.0206,2.2198,0.3519,0.2736,0.0538,1051.0,812.7,328.6,24.85,432.0
Stress_Relief,459.6,195.1,Air,0.0,0.0,0.4262,0.6431,1.4704,0.0155,0.0132,0.389,0.6035,0.1365,0.0743,553.9,352.8,158.7,36.65,225.6
Quench_Temper,818.4,79.8,Polymer,440.6,119.5,0.1466,0.1466,1.0412,0.0065,0.0226,1.8412,0.3879,0.4514,0.0916,985.0,858.8,296.4,27.85,442.7
Normalizing,780.0,24.5,Air,0.0,0.0,0.5396,0.4836,1.5007,0.0189,0.0217,0.3352,0.2649,0.2988,0.1354,648.6,391.2,192.1,37.97,280.5
Normalizing,824.7,17.0,Air,0.0,0.0,0.1386,0.5492,1.4816,0.0244,0.0253,2.9566,1.0171,0.4404,0.4291,443.6,308.6,126.5,36.21,185.4
Quench_Temper,830.4,63.2,Water,264.3,86.7,0.4101,0.3565,1.2737,0.0088,0.0117,0.1349,1.4246,0.4149,0.2542,1697.4,1498.7,511.1,22.25,740.9
Normalizing,807.4,25.4,Air,0.0,0.0,0.1798,0.6955,1.5811,0.0155,0.0207,2.8286,0.6687,0.1394,0.5268,415.9,289.1,118.7,38.29,169.0
Quench_Temper,866.1,24.8,Water,484.8,189.0,0.3106,0.7447,0.8012,0.0326,0.0123,2.019,1.6104,0.0601,0.2486,1104.8,1002.0,334.3,23.51,530.6
Quench_Temper,809.9,32.7,Oil,327.3,62.1,0.2262,0.2987,1.58,0.0199,0.0044,3.3753,0.4044,0.2214,0.0587,1170.8,937.2,358.5,26.68,571.8
Quench_Temper,793.0,81.7,Oil,610.9,176.7,0.3073,0.6834,1.7837,0.0115,0.0055,1.6164,1.477,0.3825,0.1709,875.8,777.0,264.4,28.23,408.7
Annealing,774.5,108.6,Furnace,0.0,0.0,0.4983,0.3009,0.4884,0.0237,0.013,3.3743,1.3385,0.2985,0.1971,535.7,284.9,154.8,46.21,184.1
Quench_Temper,881.2,41.3,Oil,507.8,128.1,0.1291,0.4532,1.7388,0.0086,0.0297,1.8051,0.9095,0.3017,0.3505,928.8,725.4,276.6,28.27,395.4
Stress_Relief,527.4,163.4,Air,0.0,0.0,0.2669,0.782,1.6504,0.0109,0.0247,1.9172,0.0316,0.4701,0.2012,450.8,320.4,130.6,38.26,201.4
Quench_Temper,849.1,41.8,Salt Bath,312.8,99.9,0.1482,0.5545,1.1433,0.0336,0.0115,1.5217,0.6063,0.3649,0.0684,1115.3,927.9,321.6,26.09,443.5
Annealing,799.2,86.1,Furnace,0.0,0.0,0.5176,0.7322,0.9782,0.0174,0.0138,2.295,1.1191,0.0827,0.4655,501.6,263.3,150.9,45.53,210.7
Normalizing,826.4,30.2,Air,0.0,0.0,0.1862,0.333,1.1671,0.0322,0.024,0.996,0.0777,0.3282,0.0933,406.3,251.4,121.0,37.82,161.0
Quench_Temper,817.9,87.8,Polymer,639.1,149.2,0.4892,0.4752,0.5714,0.0317,0.0104,2.6444,0.5453,0.0675,0.2715,951.7,830.1,284.4,27.48,398.3
Stress_Relief,343.3,140.4,Air,0.0,0.0,0.3007,0.6866,1.0285,0.0277,0.0215,2.1809,0.9297,0.3245,0.0397,458.2,314.6,130.1,37.62,181.3
Normalizing,813.7,42.1,Air,0.0,0.0,0.2103,0.2588,1.7284,0.0296,0.009,1.3109,0.2797,0.1895,0.448,440.2,267.9,122.2,38.44,184.3
Quench_Temper,806.4,48.4,Salt Bath,482.3,68.7,0.323,0.4319,0.6105,0.0152,0.0086,3.4349,1.5943,0.1289,0.0819,1002.4,764.2,307.7,28.05,436.6
Quench_Temper,784.8,51.0,Oil,486.7,121.0,0.4324,0.421,1.4757,0.0205,0.0161,1.5324,0.7423,0.0391,0.2656,1109.5,887.3,330.4,25.21,521.1
Quench_Temper,894.2,75.1,Oil,484.4,62.3,0.1839,0.7622,1.522,0.009,0.0182,0.6398,1.764,0.2859,0.5235,991.5,781.5,295.8,27.17,474.6
Normalizing,840.7,15.2,Air,0.0,0.0,0.1708,0.7039,1.5834,0.0265,0.0097,0.7883,0.7706,0.4955,0.5681,432.4,242.9,130.0,38.4,174.3
Stress_Relief,675.1,268.9,Air,0.0,0.0,0.4291,0.6763,0.756,0.0322,0.0227,1.7459,0.3335,0.3877,0.3162,481.7,328.5,136.9,37.68,187.9
Normalizing,797.3,56.2,Air,0.0,0.0,0.5054,0.6674,0.5741,0.0274,0.0053,3.0003,0.21,0.1893,0.4212,579.9,377.6,175.8,37.63,269.1
Stress_Relief,383.5,298.3,Air,0.0,0.0,0.3655,0.6719,1.3575,0.0282,0.0186,2.3438,0.4496,0.104,0.2728,492.8,305.1,142.3,38.88,224.6
Annealing,793.4,110.1,Furnace,0.0,0.0,0.5921,0.5138,1.0692,0.0196,0.0211,1.0081,0.9156,0.3613,0.3297,544.4,265.5,156.3,42.3,206.3
Annealing,728.1,87.5,Furnace,0.0,0.0,0.5765,0.2715,1.2072,0.025,0.0076,2.3838,0.6175,0.2837,0.0405,499.5,273.4,144.4,46.43,203.5
Stress_Relief,435.1,107.5,Air,0.0,0.0,0.1487,0.2353,0.6828,0.021,0.0194,2.3715,0.3157,0.4866,0.1262,343.5,244.8,98.4,38.13,141.7
Normalizing,859.8,59.7,Air,0.0,0.0,0.1376,0.3692,0.4458,0.0304,0.019,1.411,0.9501,0.2498,0.3167,441.7,298.2,126.7,38.02,201.0
Normalizing,762.5,42.0,Air,0.0,0.0,0.4887,0.1413,1.753,0.0088,0.0287,1.287,0.814,0.2474,0.5724,589.3,405.1,179.9,37.42,251.2
Normalizing,770.4,43.0,Air,0.0,0.0,0.505,0.5352,1.6378,0.0294,0.0198,0.4088,0.5874,0.4005,0.077,592.1,336.1,175.8,36.91,250.1
Annealing,880.7,73.9,Furnace,0.0,0.0,0.1164,0.7362,1.1884,0.0188,0.0202,0.6891,1.7634,0.3396,0.4512,330.0,163.2,94.0,45.29,136.3
Annealing,801.7,63.9,Furnace,0.0,0.0,0.2794,0.1016,0.6876,0.0256,0.0202,2.1179,0.2071,0.3816,0.3283,390.8,187.1,108.9,46.29,140.3
Quench_Temper,799.4,86.9,Oil,317.4,68.1,0.5853,0.7189,0.7837,0.0125,0.0179,2.1623,1.7715,0.006,0.5622,1665.4,1288.1,499.2,22.64,736.9
Quench_Temper,762.7,29.1,Oil,625.2,62.8,0.5563,0.5551,1.6298,0.0313,0.0206,3.4156,1.1507,0.0893,0.1591,1059.9,956.3,319.2,27.72,448.7
Quench_Temper,801.8,71.8,Water,673.9,207.8,0.2424,0.1694,1.7855,0.0073,0.0209,1.1225,0.3174,0.3445,0.5575,791.1,678.5,252.1,28.39,366.5
Quench_Temper,932.3,35.6,Water,239.2,128.9,0.1444,0.7584,0.4528,0.0099,0.0182,0.8003,1.0915,0.4245,0.5578,1295.6,1062.4,392.1,22.44,606.8
Annealing,799.7,32.6,Furnace,0.0,0.0,0.3644,0.5459,0.8087,0.0179,0.0082,3.2967,1.1302,0.253,0.4938,436.4,227.5,122.4,46.63,171.5
Quench_Temper,803.1,41.7,Salt Bath,597.5,198.6,0.5671,0.6958,0.7268,0.0129,0.0151,0.8273,1.4164,0.1118,0.0691,1000.8,759.5,294.1,27.39,401.1
Annealing,811.9,94.2,Furnace,0.0,0.0,0.1808,0.2465,1.308,0.01,0.0253,2.919,0.6829,0.2107,0.0918,323.4,157.3,95.0,46.23,117.0
Quench_Temper,851.6,38.0,Salt Bath,545.0,45.5,0.4528,0.4658,1.473,0.0191,0.0239,0.0839,0.4972,0.4994,0.4262,1037.9,904.3,302.9,26.88,499.7
Annealing,720.0,118.6,Furnace,0.0,0.0,0.4655,0.1734,1.7677,0.0184,0.0113,3.2814,0.5399,0.3881,0.0814,534.5,279.7,153.5,45.08,203.4
Quench_Temper,821.2,59.3,Oil,217.1,187.8,0.3082,0.7072,1.6296,0.0147,0.0154,0.3759,1.7291,0.1008,0.2678,1538.3,1269.9,466.1,19.32,713.6
Stress_Relief,544.0,95.7,Air,0.0,0.0,0.3939,0.4921,0.7243,0.0099,0.0196,1.0249,1.2259,0.1564,0.3942,564.6,393.3,161.3,37.17,233.9
Quench_Temper,811.4,23.0,Water,518.9,45.1,0.4254,0.6144,1.0482,0.0233,0.0096,2.7122,1.6018,0.2342,0.2351,1238.3,1043.4,373.2,22.54,552.6
Quench_Temper,852.8,50.0,Oil,359.3,93.3,0.1994,0.2285,1.1422,0.0316,0.0043,0.317,1.7759,0.4854,0.3526,1138.9,914.5,335.0,25.53,532.6
Quench_Temper,826.9,53.1,Salt Bath,545.2,101.7,0.3242,0.4999,0.3161,0.0345,0.0143,3.2437,0.1259,0.1232,0.0602,881.2,785.5,274.7,28.41,426.0
Stress_Relief,563.0,108.1,Air,0.0,0.0,0.4909,0.3715,1.0602,0.0126,0.0184,2.5369,0.9347,0.1944,0.175,557.0,398.6,160.0,36.24,254.1
Annealing,757.5,78.7,Furnace,0.0,0.0,0.4171,0.1947,1.1736,0.0328,0.0212,2.7775,1.1883,0.0975,0.3889,445.4,286.8,130.1,45.35,180.8
Annealing,783.5,93.9,Furnace,0.0,0.0,0.4246,0.3892,0.807,0.0332,0.0114,2.0956,1.2232,0.3622,0.3576,483.8,288.1,142.1,43.76,172.9
Normalizing,865.5,24.0,Air,0.0,0.0,0.2265,0.5359,1.005,0.0198,0.0046,0.2321,0.3007,0.4346,0.5844,510.0,297.6,145.9,37.99,220.4
Quench_Temper,833.7,65.4,Salt Bath,186.5,205.2,0.4421,0.7712,0.9723,0.0289,0.0204,2.8384,0.1043,0.285,0.5116,1580.5,1334.3,484.0,21.16,761.3
Normalizing,828.7,38.5,Air,0.0,0.0,0.2393,0.6849,1.3021,0.0204,0.0123,1.8814,1.2521,0.1685,0.4343,473.8,280.2,137.6,37.77,194.3
Normalizing,786.5,39.8,Air,0.0,0.0,0.4055,0.5302,1.6454,0.027,0.0121,2.9231,0.2627,0.2259,0.16,576.0,363.4,166.0,38.18,226.0
Quench_Temper,808.2,89.4,Water,277.9,85.1,0.4943,0.5536,0.4681,0.0275,0.0117,2.8777,0.4153,0.3371,0.0364,1628.8,1247.1,497.9,17.93,782.9
Quench_Temper,780.2,54.1,Salt Bath,206.9,79.7,0.5078,0.2007,0.7209,0.0091,0.0287,3.3203,1.3451,0.045,0.2646,1662.9,1414.7,511.5,21.59,684.0
Normalizing,825.1,43.1,Air,0.0,0.0,0.188,0.1066,1.3291,0.0246,0.0042,0.6405,0.8747,0.0763,0.55,456.4,298.7,133.4,37.41,196.2
Annealing,871.7,77.4,Furnace,0.0,0.0,0.2156,0.352,0.3132,0.0237,0.0278,1.4716,1.2198,0.3887,0.2865,323.2,189.0,95.8,46.83,130.5
Normalizing,769.6,19.4,Air,0.0,0.0,0.3103,0.145,1.6033,0.0257,0.0058,1.5959,1.2977,0.1106,0.3756,505.4,319.0,145.8,37.86,212.6
Quench_Temper,809.7,56.4,Oil,246.9,44.4,0.5115,0.2001,1.5111,0.0072,0.0252,1.9099,1.5271,0.33,0.5362,1718.6,1504.4,543.4,19.63,728.1
Stress_Relief,274.5,66.1,Air,0.0,0.0,0.3441,0.5448,0.8758,0.0226,0.0094,3.4324,1.328,0.0166,0.5765,501.7,303.5,146.7,36.87,203.5
Annealing,842.1,104.4,Furnace,0.0,0.0,0.1687,0.5921,1.1095,0.0053,0.0109,3.263,0.2154,0.3762,0.1468,321.7,149.9,94.3,45.63,125.0
Stress_Relief,268.6,131.1,Air,0.0,0.0,0.3005,0.2785,0.5617,0.0283,0.0213,2.117,0.8578,0.3432,0.3705,473.0,299.5,135.9,38.38,189.4
Stress_Relief,385.8,146.8,Air,0.0,0.0,0.1046,0.2651,1.473,0.0089,0.0077,1.7427,1.2957,0.1455,0.3126,353.0,227.1,100.4,38.13,137.3
Quench_Temper,833.8,80.5,Oil,171.8,60.5,0.356,0.3213,0.3018,0.0114,0.0045,2.7361,1.7253,0.0356,0.1527,1615.6,1243.0,496.7,18.87,745.7
Quench_Temper,807.7,43.8,Water,515.6,66.9,0.2165,0.541,1.1113,0.008,0.0206,3.4202,0.7112,0.0213,0.5578,994.3,768.1,301.0,27.2,419.7
Annealing,843.3,49.9,Furnace,0.0,0.0,0.5197,0.7518,0.8721,0.0082,0.0282,0.4767,0.5786,0.1993,0.2998,481.5,259.6,136.5,46.25,206.4
Stress_Relief,429.4,162.1,Air,0.0,0.0,0.5533,0.4889,0.4949,0.0335,0.0144,2.858,1.2769,0.1508,0.522,591.9,414.1,177.0,38.24,255.9
Quench_Temper,882.7,39.5,Polymer,471.3,43.9,0.1527,0.2865,1.1797,0.0202,0.0176,0.184,1.1574,0.2045,0.0786,974.6,753.7,291.5,26.44,399.7
Annealing,785.8,64.9,Furnace,0.0,0.0,0.3795,0.4204,0.6335,0.0201,0.0255,1.4539,0.5749,0.3328,0.0148,480.0,295.5,141.7,42.75,206.8
Normalizing,819.0,21.7,Air,0.0,0.0,0.2192,0.3402,1.6251,0.029,0.0291,2.6602,0.5175,0.4166,0.5287,507.3,323.3,145.9,37.93,195.2
Quench_Temper,810.4,36.3,Salt Bath,593.4,60.6,0.2644,0.2222,0.8584,0.0221,0.0232,1.3326,0.9529,0.3872,0.0652,844.8,683.9,260.2,27.82,384.1
Normalizing,878.0,29.6,Air,0.0,0.0,0.1127,0.6538,1.1257,0.014,0.0153,0.1762,0.2449,0.423,0.265,375.7,251.7,110.8,37.69,160.4
Annealing,804.2,81.7,Furnace,0.0,0.0,0.3447,0.7735,1.5395,0.0269,0.0146,3.3121,0.7401,0.3894,0.2421,416.4,190.4,120.3,46.09,182.6
Quench_Temper,888.4,89.9,Oil,577.7,211.1,0.136,0.566,0.7122,0.0279,0.0039,2.9051,0.2915,0.0055,0.2689,795.9,638.3,253.5,28.02,325.1
Normalizing,773.1,31.0,Air,0.0,0.0,0.4605,0.5635,1.0738,0.0282,0.0101,3.4793,0.7605,0.0177,0.3607,584.4,352.1,175.5,38.42,235.8
Quench_Temper,866.1,84.2,Oil,391.0,47.4,0.2053,0.2086,1.6455,0.0304,0.0136,0.1719,1.6437,0.2274,0.3383,1096.7,957.6,335.0,27.42,491.1
Annealing,782.1,62.3,Furnace,0.0,0.0,0.3939,0.6864,1.777,0.0321,0.0085,2.6708,1.4252,0.0637,0.3357,478.4,266.8,135.3,46.94,181.1
Annealing,870.7,81.6,Furnace,0.0,0.0,0.1462,0.7489,1.4231,0.0148,0.0211,2.3044,0.9619,0.105,0.384,345.6,209.9,98.9,46.52,127.2
Stress_Relief,529.1,188.7,Air,0.0,0.0,0.2231,0.7993,1.1517,0.03,0.0038,2.2205,0.3167,0.4844,0.1569,407.1,260.4,117.7,38.2,185.8
Normalizing,810.5,35.8,Air,0.0,0.0,0.3436,0.3182,1.2605,0.0059,0.0176,0.6922,0.3888,0.4528,0.4433,533.5,309.7,156.4,37.29,217.3
Normalizing,771.5,20.9,Air,0.0,0.0,0.494,0.4981,1.6558,0.0256,0.0045,1.7035,1.295,0.3465,0.0687,604.6,383.5,189.3,38.17,278.1
Quench_Temper,846.8,56.6,Salt Bath,478.6,95.3,0.1687,0.4871,1.6871,0.0173,0.03,1.5088,0.863,0.2528,0.1213,947.3,768.3,283.6,27.93,396.7
Quench_Temper,796.0,20.0,Polymer,491.8,180.8,0.5802,0.1665,1.2305,0.0338,0.0075,0.4144,0.4765,0.3798,0.1431,1245.3,1056.3,385.8,25.63,543.4
Annealing,798.6,30.6,Furnace,0.0,0.0,0.3806,0.3539,0.6496,0.0277,0.0136,2.9499,0.0134,0.1393,0.0943,408.9,210.3,113.5,47.05,158.0
Quench_Temper,859.2,47.5,Salt Bath,167.4,54.4,0.3202,0.608,0.8083,0.0345,0.0236,2.08,1.0026,0.216,0.2093,1519.8,1156.3,478.1,18.67,660.0
Annealing,832.2,107.6,Furnace,0.0,0.0,0.511,0.6107,0.6096,0.0108,0.0187,0.8409,1.6301,0.4283,0.2437,519.7,271.2,143.8,45.79,193.4
Normalizing,825.5,39.7,Air,0.0,0.0,0.2943,0.4004,1.6595,0.008,0.0198,1.2202,0.0565,0.2015,0.4102,514.0,287.9,147.5,37.8,229.3
Quench_Temper,826.4,37.0,Water,528.8,63.3,0.452,0.5046,1.4814,0.0336,0.0103,2.2862,0.5424,0.3699,0.5534,1211.5,957.1,378.4,22.83,558.2
Annealing,749.4,85.8,Furnace,0.0,0.0,0.5898,0.7063,1.7605,0.0161,0.0176,1.9678,0.8617,0.119,0.1826,544.1,284.0,155.6,45.13,225.1
Quench_Temper,748.8,78.5,Polymer,644.5,77.5,0.4179,0.2894,1.0345,0.0057,0.006,3.3156,0.934,0.2199,0.0197,926.5,767.7,277.8,26.12,460.5
Quench_Temper,723.9,67.8,Salt Bath,589.4,88.2,0.4742,0.1388,1.5848,0.0122,0.0271,3.3981,0.5244,0.2901,0.3908,969.9,741.8,300.2,26.25,468.8
Quench_Temper,833.2,71.5,Polymer,527.2,210.3,0.2924,0.4366,1.5667,0.0228,0.0195,1.6302,1.0227,0.2459,0.269,960.2,776.6,294.5,24.76,392.9
Quench_Temper,849.0,40.5,Oil,323.9,199.3,0.3137,0.6347,1.6002,0.027,0.0061,1.8216,1.7361,0.112,0.4282,1352.5,1024.2,410.4,25.33,544.2
Normalizing,778.8,29.0,Air,0.0,0.0,0.5625,0.5696,1.2858,0.0294,0.0109,3.2333,1.6532,0.0187,0.5857,680.9,444.9,205.9,32.39,308.3
Annealing,844.9,95.2,Furnace,0.0,0.0,0.1111,0.643,1.7164,0.0333,0.0179,2.7078,1.1919,0.2534,0.4673,309.4,174.2,92.0,42.57,133.1
Quench_Temper,830.6,41.3,Oil,438.4,216.0,0.2183,0.4955,1.655,0.0308,0.0245,0.9954,1.2199,0.2501,0.4842,1023.4,825.6,314.1,24.68,449.3
